static const
unsigned char bob_bin[] = {
  0x18, 0xd9, 0x03, 0x04, 0xd8, 0xdf, 0x21, 0x04, 0xd8, 0xdf, 0x21, 0x04,
  0xd8, 0xdf, 0x21, 0x04, 0xd8, 0xdf, 0x21, 0x04, 0x98, 0xdc, 0x02, 0x04,
  0x98, 0xdf, 0x02, 0x04, 0xd8, 0xdf, 0x21, 0x04, 0xd8, 0xdf, 0x21, 0x04,
  0xd8, 0xdf, 0x21, 0x04, 0xd8, 0xdf, 0x21, 0x04, 0xd8, 0xdf, 0x21, 0x04,
  0xd8, 0xdf, 0x21, 0x04, 0x98, 0xdd, 0x02, 0x04, 0x98, 0xdd, 0x02, 0x04,
  0x98, 0xdd, 0x02, 0x04, 0x98, 0xdd, 0x02, 0x04, 0x98, 0xdd, 0x02, 0x04,
  0x98, 0xdd, 0x02, 0x04, 0x98, 0xdd, 0x02, 0x04, 0x98, 0xde, 0x02, 0x04,
  0x98, 0xdd, 0x02, 0x04, 0x98, 0xdd, 0x02, 0x04, 0x98, 0xdd, 0x02, 0x04,
  0x48, 0xde, 0x21, 0x04, 0x48, 0xde, 0x21, 0x04, 0x48, 0xde, 0x21, 0x04,
  0x48, 0xde, 0x21, 0x04, 0x48, 0xde, 0x21, 0x04, 0x48, 0xde, 0x21, 0x04,
  0x48, 0xde, 0x21, 0x04, 0x48, 0xde, 0x21, 0x04, 0x48, 0xde, 0x21, 0x04,
  0x48, 0xde, 0x21, 0x04, 0x48, 0xde, 0x21, 0x04, 0x48, 0xde, 0x21, 0x04,
  0x48, 0xde, 0x21, 0x04, 0x48, 0xde, 0x21, 0x04, 0x48, 0xde, 0x21, 0x04,
  0x48, 0xde, 0x21, 0x04, 0x48, 0xde, 0x21, 0x04, 0x48, 0xde, 0x21, 0x04,
  0x48, 0xde, 0x21, 0x04, 0x48, 0xde, 0x21, 0x04, 0x68, 0xdd, 0x2a, 0x04,
  0x88, 0xd9, 0x01, 0x04, 0x18, 0xd8, 0x52, 0x04, 0x08, 0xdf, 0x15, 0x04,
  0xd8, 0xdd, 0x04, 0x04, 0x98, 0xd8, 0x36, 0x04, 0xe8, 0xde, 0x29, 0x04,
  0x00, 0x00, 0x00, 0x00, 0x00, 0x00, 0x00, 0x00, 0x00, 0x00, 0x00, 0x00,
  0x00, 0x00, 0x00, 0x00, 0x00, 0x00, 0x00, 0x00, 0x00, 0x00, 0x00, 0x00,
  0x00, 0x00, 0x00, 0x00, 0x00, 0x00, 0x00, 0x00, 0x00, 0x00, 0x00, 0x00,
  0x00, 0x00, 0x00, 0x00, 0x00, 0x00, 0x00, 0x00, 0x00, 0x00, 0x00, 0x00,
  0x00, 0x00, 0x00, 0x00, 0x00, 0x00, 0x00, 0x00, 0x00, 0x00, 0x00, 0x00,
  0x00, 0x00, 0x00, 0x00, 0x00, 0x00, 0x00, 0x00, 0x00, 0x00, 0x00, 0x00,
  0x00, 0x00, 0x00, 0x00, 0x00, 0x00, 0x00, 0x00, 0x00, 0x00, 0x00, 0x00,
  0x00, 0x00, 0x00, 0x00, 0x00, 0x00, 0x00, 0x00, 0x00, 0x00, 0x00, 0x00,
  0x00, 0x00, 0x00, 0x00, 0xa0, 0x6f, 0x1a, 0x7b, 0x01, 0x53, 0x06, 0x52,
  0x00, 0x51, 0x0a, 0x4b, 0x0e, 0x45, 0x49, 0xde, 0x21, 0x00, 0x06, 0x52,
  0x00, 0x51, 0xa9, 0xdf, 0x21, 0x00, 0x05, 0x51, 0xc9, 0xdf, 0x17, 0x00,
  0x01, 0x51, 0xe9, 0xdb, 0x23, 0x00, 0x08, 0x51, 0x69, 0xdf, 0x17, 0x00,
  0x1a, 0xd2, 0x00, 0x01, 0x00, 0x51, 0xc9, 0xd8, 0x4e, 0x00, 0x01, 0xc5,
  0x00, 0x01, 0x80, 0xd2, 0x56, 0x04, 0x07, 0x51, 0xfc, 0x65, 0xa9, 0xd8,
  0x4f, 0x00, 0xf5, 0xa5, 0x59, 0xdc, 0x50, 0x00, 0x00, 0x02, 0x30, 0xd3,
  0x01, 0x04, 0x98, 0xd1, 0x56, 0x04, 0xd9, 0xda, 0x14, 0x00, 0x06, 0x51,
  0xc9, 0xdd, 0x17, 0x00, 0xc0, 0xd1, 0x56, 0x04, 0x69, 0xda, 0x14, 0x00,
  0x01, 0x52, 0x01, 0x51, 0xd9, 0xdd, 0x1d, 0x00, 0x07, 0x51, 0x19, 0xdd,
  0x17, 0x00, 0xd4, 0xd1, 0x56, 0x04, 0xb9, 0xd9, 0x14, 0x00, 0x21, 0xc3,
  0xfe, 0xca, 0x34, 0xc3, 0xbe, 0xba, 0x01, 0x54, 0x06, 0x43, 0x04, 0x41,
  0x10, 0x53, 0x00, 0x52, 0x89, 0xda, 0x25, 0x00, 0x21, 0xc3, 0x10, 0xe3,
  0x34, 0xc3, 0x40, 0x30, 0x07, 0xd2, 0x00, 0x01, 0x3a, 0x02, 0x09, 0x51,
  0x89, 0xdb, 0x17, 0x00, 0xe4, 0xd1, 0x56, 0x04, 0x29, 0xd8, 0x14, 0x00,
  0x00, 0x51, 0xb9, 0xdf, 0x51, 0x00, 0x01, 0xc3, 0x00, 0x20, 0x00, 0x52,
  0x00, 0xd1, 0x80, 0x04, 0x79, 0xdb, 0x07, 0x00, 0xb8, 0xd1, 0xfc, 0x04,
  0x10, 0x0e, 0xf0, 0xd0, 0x9f, 0x04, 0x00, 0x0f, 0x99, 0xd8, 0x34, 0x00,
  0x00, 0x00, 0x08, 0xd8, 0x00, 0x04, 0x00, 0x52, 0x1c, 0xd1, 0x57, 0x04,
  0xe9, 0xd8, 0x20, 0x00, 0x06, 0x41, 0x0a, 0x42, 0x0e, 0x43, 0x12, 0x44,
  0x16, 0x45, 0x1a, 0x46, 0x1e, 0x47, 0x22, 0x48, 0x26, 0x49, 0x2a, 0x4a,
  0x2e, 0x4b, 0x32, 0x4c, 0x36, 0x4d, 0x3a, 0x4e, 0x2b, 0x7c, 0x3e, 0x4c,
  0x42, 0x40, 0x2a, 0x7c, 0x46, 0x4c, 0x4a, 0x7c, 0x4a, 0x4c, 0x5a, 0x7c,
  0x4e, 0x4c, 0x6a, 0x7c, 0x52, 0x4c, 0x7a, 0x7c, 0x56, 0x4c, 0x8a, 0x7c,
  0x5a, 0x4c, 0x3b, 0x7c, 0x5e, 0x4c, 0x02, 0x70, 0x07, 0x41, 0x0b, 0x42,
  0x0f, 0x43, 0x13, 0x44, 0x17, 0x45, 0x1b, 0x46, 0x1f, 0x47, 0x23, 0x48,
  0x27, 0x49, 0x2b, 0x4a, 0x2f, 0x4b, 0x37, 0x4d, 0x3b, 0x4e, 0x43, 0x4c,
  0x29, 0x7c, 0x47, 0x4c, 0x28, 0x7c, 0x4b, 0x4c, 0x48, 0x7c, 0x4f, 0x4c,
  0x58, 0x7c, 0x53, 0x4c, 0x68, 0x7c, 0x57, 0x4c, 0x78, 0x7c, 0x5b, 0x4c,
  0x88, 0x7c, 0x5f, 0x4c, 0x39, 0x7c, 0x33, 0x4c, 0x02, 0x70, 0x00, 0x70,
  0x29, 0x7f, 0xf0, 0xcf, 0xa0, 0xff, 0xfa, 0x00, 0x1a, 0x70, 0x77, 0xbf,
  0x69, 0xde, 0x1d, 0x00, 0xb1, 0xbf, 0x2b, 0x70, 0x18, 0x70, 0xfe, 0x00,
  0x60, 0x4f, 0x10, 0x70, 0x12, 0x70, 0x00, 0x70, 0x29, 0x7f, 0xf0, 0xcf,
  0xa0, 0xff, 0xfa, 0x00, 0x1a, 0x70, 0x57, 0xbf, 0x09, 0xd9, 0x1e, 0x00,
  0x91, 0xbf, 0x2b, 0x70, 0x18, 0x70, 0xfe, 0x00, 0x60, 0x4f, 0x10, 0x70,
  0x12, 0x70, 0x00, 0x70, 0x29, 0x7f, 0xf0, 0xcf, 0xa0, 0xff, 0xfa, 0x00,
  0x1a, 0x70, 0x37, 0xbf, 0x19, 0xdb, 0x1e, 0x00, 0x71, 0xbf, 0x2b, 0x70,
  0x18, 0x70, 0xfe, 0x00, 0x60, 0x4f, 0x10, 0x70, 0x12, 0x70, 0x00, 0x70,
  0x29, 0x7f, 0xf0, 0xcf, 0xa0, 0xff, 0xfa, 0x00, 0x1a, 0x70, 0x17, 0xbf,
  0x19, 0xdb, 0x1f, 0x00, 0x51, 0xbf, 0x2b, 0x70, 0x18, 0x70, 0x60, 0x4f,
  0x9b, 0x70, 0x10, 0x70, 0x0e, 0x10, 0x00, 0x70, 0x21, 0xcf, 0x05, 0x00,
  0xf4, 0xcf, 0xf0, 0xff, 0xa9, 0xd8, 0xfe, 0xff, 0xfc, 0xbf, 0x00, 0x70,
  0x00, 0x0e, 0x0a, 0x70, 0x21, 0xcf, 0x04, 0x00, 0xf4, 0xcf, 0xf0, 0x9f,
  0x03, 0x0f, 0x16, 0xa0, 0x21, 0xcf, 0x80, 0x00, 0xf4, 0xcf, 0xf0, 0x9f,
  0xe0, 0x00, 0x21, 0xce, 0x80, 0x00, 0xe4, 0xce, 0xb8, 0xfc, 0x0c, 0xb0,
  0xe0, 0x00, 0x21, 0xce, 0x04, 0x00, 0xe4, 0xce, 0xb8, 0xfc, 0xc8, 0xde,
  0x1f, 0x04, 0x18, 0xd9, 0x03, 0x04, 0x98, 0xdc, 0x02, 0x04, 0x98, 0xdf,
  0x02, 0x04, 0x98, 0xd8, 0x03, 0x04, 0xd8, 0xdf, 0x21, 0x04, 0x00, 0x00,
  0x1c, 0xa3, 0x21, 0xc3, 0x04, 0x00, 0x30, 0xc3, 0xd8, 0x5b, 0x3e, 0x00,
  0x0c, 0xa0, 0x3e, 0x03, 0x16, 0x61, 0x11, 0x93, 0x1e, 0x01, 0x15, 0xa1,
  0xff, 0x50, 0x02, 0x70, 0x21, 0xc3, 0x04, 0x00, 0x30, 0xc3, 0xd0, 0x5b,
  0x2e, 0x61, 0x3e, 0x03, 0x31, 0x91, 0x08, 0xa2, 0x1e, 0xc0, 0x18, 0x00,
  0x02, 0x70, 0x1e, 0xc0, 0x14, 0x00, 0x02, 0x70, 0xf0, 0xcf, 0xd8, 0xff,
  0xfa, 0x03, 0x2f, 0x43, 0x1a, 0x7b, 0x1a, 0x46, 0x12, 0x48, 0x1e, 0x45,
  0x16, 0x47, 0x0e, 0x4b, 0x10, 0x08, 0x20, 0x06, 0x06, 0x44, 0x40, 0xa3,
  0x21, 0xc7, 0x00, 0x40, 0x21, 0xc5, 0x04, 0x00, 0x71, 0xe8, 0x25, 0x00,
  0x50, 0x03, 0x70, 0x02, 0xfc, 0xd1, 0x53, 0x04, 0x69, 0xd8, 0x12, 0x00,
  0x50, 0x03, 0x00, 0x52, 0x70, 0x01, 0x09, 0xdc, 0x05, 0x00, 0x7e, 0x03,
  0x24, 0xa3, 0x18, 0xd1, 0x54, 0x04, 0xb9, 0xdf, 0x11, 0x00, 0xff, 0x50,
  0x13, 0x48, 0x17, 0x47, 0x1b, 0x46, 0x1f, 0x45, 0x0f, 0x4b, 0x28, 0x4f,
  0xbe, 0x10, 0x21, 0xc7, 0x00, 0x1f, 0x00, 0xd5, 0x80, 0x00, 0xc2, 0xbf,
  0x50, 0x03, 0x80, 0x02, 0x70, 0x01, 0xf9, 0xdc, 0x05, 0x00, 0x21, 0xc3,
  0x04, 0x00, 0x3a, 0xc7, 0xe0, 0x5b, 0x7e, 0xc3, 0x40, 0x00, 0x21, 0xc8,
  0x04, 0x00, 0x80, 0xc8, 0xdc, 0x5b, 0x73, 0x93, 0x8a, 0x03, 0x7e, 0xc3,
  0x4c, 0x00, 0x21, 0xc2, 0x04, 0x00, 0x73, 0x93, 0x2a, 0xc3, 0xd4, 0x5b,
  0x7e, 0xc3, 0x48, 0x00, 0x77, 0x93, 0x21, 0xc3, 0x04, 0x00, 0x30, 0xc3,
  0xd8, 0x5b, 0x3a, 0x07, 0x33, 0x43, 0x28, 0xa3, 0x21, 0xc7, 0x04, 0x00,
  0x70, 0xc7, 0x58, 0x5e, 0x1a, 0xd3, 0x00, 0x01, 0x7e, 0x02, 0x38, 0xd1,
  0x54, 0x04, 0x19, 0xdc, 0x11, 0x00, 0x8e, 0x03, 0x7e, 0x02, 0x3a, 0xc2,
  0x10, 0x00, 0x1a, 0xd2, 0x00, 0x01, 0x3a, 0xc2, 0x14, 0x00, 0x07, 0x43,
  0x2e, 0xa3, 0x21, 0xc3, 0x00, 0xe0, 0xff, 0x52, 0x3a, 0xc2, 0x10, 0x00,
  0x3a, 0xc2, 0x14, 0x00, 0x3a, 0xc2, 0x18, 0x00, 0x3a, 0xc2, 0x1c, 0x00,
  0x3a, 0xc2, 0x40, 0x00, 0x3a, 0xc2, 0x44, 0x00, 0x3a, 0xc2, 0x48, 0x00,
  0x3a, 0xc2, 0x4c, 0x00, 0x89, 0xdb, 0x4d, 0x00, 0x10, 0x70, 0x0c, 0xa6,
  0x2f, 0x43, 0x2b, 0x42, 0xfe, 0x01, 0xc9, 0xda, 0x09, 0x00, 0x58, 0xd1,
  0x54, 0x04, 0x79, 0xd9, 0x11, 0x00, 0x00, 0x50, 0x38, 0xbf, 0xf0, 0xcf,
  0xd8, 0xff, 0x1a, 0x7b, 0x1e, 0x45, 0x1a, 0x46, 0x16, 0x4b, 0x10, 0x05,
  0x20, 0x06, 0x25, 0xa1, 0x21, 0xc3, 0x11, 0xe3, 0x34, 0xc3, 0x00, 0x0c,
  0x21, 0xc5, 0x00, 0x80, 0x3e, 0x02, 0x07, 0xa2, 0x21, 0xc5, 0x00, 0x3e,
  0x3e, 0x03, 0x33, 0xc3, 0x01, 0x00, 0x36, 0xc3, 0x01, 0x00, 0x0e, 0x63,
  0x30, 0x15, 0x6c, 0xd1, 0x54, 0x04, 0x79, 0xdf, 0x10, 0x00, 0x00, 0x51,
  0xc9, 0xda, 0x0a, 0x00, 0x06, 0xa6, 0xa2, 0x53, 0x68, 0x03, 0x50, 0x02,
  0x21, 0xc3, 0x10, 0xe3, 0x34, 0xc3, 0x00, 0x30, 0x13, 0x62, 0x25, 0xc2,
  0x01, 0x00, 0x3e, 0x03, 0x0a, 0x42, 0x50, 0x02, 0x50, 0x01, 0x0b, 0x62,
  0x21, 0xc0, 0xff, 0x7f, 0x25, 0xc2, 0x01, 0x00, 0x55, 0xc5, 0x01, 0x00,
  0x04, 0xc0, 0xfc, 0xff, 0x0a, 0x61, 0x06, 0x42, 0xfa, 0x05, 0x01, 0x54,
  0x35, 0xc3, 0x0f, 0x00, 0x01, 0x52, 0x01, 0x11, 0x69, 0xbe, 0x1b, 0x46,
  0x1f, 0x45, 0x17, 0x4b, 0x28, 0x4f, 0xbe, 0x10, 0xf0, 0xcf, 0xd0, 0xff,
  0x1a, 0x48, 0x30, 0x08, 0x21, 0xc3, 0x04, 0x00, 0x1a, 0x7b, 0x3e, 0xc3,
  0xd4, 0x5b, 0x26, 0x45, 0x22, 0x46, 0x1e, 0x47, 0x16, 0x4b, 0x10, 0x06,
  0x20, 0x05, 0x40, 0x07, 0x0e, 0xa3, 0x21, 0xc3, 0x04, 0x00, 0x30, 0xc3,
  0xd8, 0x5b, 0x3e, 0x03, 0x33, 0xa3, 0x21, 0xc3, 0x04, 0x00, 0x3e, 0xc3,
  0xe0, 0x5b, 0x04, 0xe3, 0x45, 0x00, 0x21, 0xc3, 0x11, 0xe3, 0x34, 0xc3,
  0x00, 0x0c, 0x21, 0xc1, 0x00, 0x40, 0x3e, 0x02, 0x07, 0xa2, 0x21, 0xc1,
  0x00, 0x1f, 0x3e, 0x02, 0x00, 0x53, 0x0a, 0x43, 0x06, 0x42, 0xfa, 0x03,
  0x00, 0x54, 0x00, 0x52, 0x01, 0xbe, 0x21, 0xc3, 0x04, 0x00, 0x60, 0x01,
  0x3e, 0xc3, 0xd4, 0x5b, 0x16, 0x61, 0x13, 0x93, 0x3e, 0x02, 0x25, 0xc2,
  0x04, 0x00, 0x10, 0xa2, 0x50, 0xa8, 0x19, 0xe0, 0x03, 0x00, 0x3e, 0x02,
  0x25, 0xc2, 0x04, 0x00, 0x02, 0xa2, 0x00, 0x53, 0x5a, 0xc3, 0x14, 0x00,
  0x21, 0xc3, 0x04, 0x00, 0x30, 0xc3, 0xd8, 0x5b, 0x3e, 0x03, 0x11, 0x93,
  0x1a, 0x05, 0x32, 0xa7, 0x19, 0xe0, 0x08, 0x00, 0x5e, 0xc3, 0x14, 0x00,
  0x0c, 0xe3, 0x07, 0x00, 0x5e, 0xc3, 0x14, 0x00, 0x35, 0xc3, 0x04, 0x00,
  0x03, 0xa3, 0x5e, 0xc0, 0x18, 0x00, 0x1b, 0x48, 0x1f, 0x47, 0x23, 0x46,
  0x27, 0x45, 0x17, 0x4b, 0x30, 0x4f, 0xbe, 0x10, 0xff, 0x50, 0xf0, 0xbf,
  0xfe, 0x50, 0xec, 0xbf, 0x00, 0x50, 0xe8, 0xbf, 0xf0, 0xcf, 0xc8, 0xff,
  0x26, 0x47, 0x30, 0x07, 0x3b, 0x43, 0x1a, 0x7b, 0x2e, 0x45, 0x16, 0x43,
  0x21, 0xc3, 0x04, 0x00, 0x30, 0xc3, 0xd0, 0x5b, 0x2a, 0x46, 0x22, 0x48,
  0x1e, 0x4b, 0x3e, 0x00, 0x10, 0x05, 0x3f, 0x4a, 0x43, 0x49, 0x47, 0x48,
  0x2e, 0x65, 0x05, 0x95, 0x20, 0x0c, 0x10, 0x06, 0x20, 0x53, 0x50, 0x01,
  0x00, 0x52, 0x0e, 0x44, 0x06, 0x49, 0x0a, 0x4a, 0x12, 0x4c, 0x79, 0xd9,
  0x03, 0x00, 0x13, 0x4c, 0x17, 0x43, 0x50, 0x02, 0x5a, 0x0c, 0x5a, 0xc3,
  0x04, 0x00, 0x0b, 0x4a, 0x70, 0x03, 0x60, 0x01, 0x5a, 0xca, 0x08, 0x00,
  0x07, 0x49, 0x5a, 0xc9, 0x0c, 0x00, 0x5a, 0xc8, 0x10, 0x00, 0x1f, 0x4b,
  0x0f, 0x44, 0x23, 0x48, 0x27, 0x47, 0x2b, 0x46, 0x2f, 0x45, 0x18, 0x7b,
  0x38, 0x4f, 0x48, 0xda, 0x05, 0x04, 0x80, 0x6f, 0x16, 0x45, 0x21, 0xc5,
  0xff, 0x7f, 0x1a, 0x7b, 0x54, 0xc5, 0xfc, 0xff, 0x15, 0xc3, 0x01, 0x00,
  0x0e, 0x47, 0x12, 0x46, 0x0a, 0x4b, 0x10, 0x07, 0x11, 0x15, 0x08, 0xa3,
  0x21, 0xc0, 0x00, 0x80, 0x00, 0x15, 0x5e, 0x06, 0x08, 0xe6, 0x28, 0x00,
  0x65, 0xc3, 0x01, 0x00, 0x3c, 0xa3, 0xfe, 0x53, 0x31, 0x16, 0x5e, 0xc3,
  0x04, 0x00, 0x5e, 0xc4, 0x08, 0x00, 0x5e, 0xc2, 0x0c, 0x00, 0x84, 0xd1,
  0x54, 0x04, 0xfa, 0x02, 0x60, 0x02, 0x79, 0xd8, 0x0f, 0x00, 0x5e, 0xc1,
  0x04, 0x00, 0x5e, 0xc2, 0x08, 0x00, 0x5e, 0xc3, 0x0c, 0x00, 0x6f, 0x10,
  0x5a, 0x00, 0x70, 0x00, 0x13, 0x46, 0x0f, 0x47, 0x17, 0x45, 0x0b, 0x4b,
  0x20, 0x4f, 0xbe, 0x10, 0x21, 0xc0, 0xff, 0x7f, 0x04, 0xc0, 0xfe, 0xff,
  0x01, 0x16, 0xc0, 0xbf, 0x5e, 0xc3, 0x04, 0x00, 0x5e, 0xc4, 0x08, 0x00,
  0x5e, 0xc2, 0x0c, 0x00, 0xa0, 0xd1, 0x54, 0x04, 0xfa, 0x02, 0x60, 0x02,
  0x69, 0xde, 0x0e, 0x00, 0x11, 0x50, 0x63, 0x00, 0x04, 0xe0, 0x0a, 0x01,
  0x60, 0x03, 0x16, 0x63, 0x30, 0xd0, 0x07, 0x04, 0x30, 0x90, 0x0e, 0x03,
  0x3e, 0x10, 0x00, 0x00, 0x78, 0x07, 0x04, 0x00, 0x86, 0x07, 0x04, 0x00,
  0x96, 0x07, 0x04, 0x00, 0xc4, 0x07, 0x04, 0x00, 0xe2, 0x07, 0x04, 0x00,
  0xf6, 0x07, 0x04, 0x00, 0x08, 0x08, 0x04, 0x00, 0x1a, 0x08, 0x04, 0x00,
  0x40, 0x08, 0x04, 0x00, 0x6e, 0x08, 0x04, 0x00, 0x78, 0x08, 0x04, 0x00,
  0x92, 0x08, 0x04, 0x00, 0xa4, 0x08, 0x04, 0x00, 0xb6, 0x08, 0x04, 0x00,
  0xc8, 0x08, 0x04, 0x00, 0xda, 0x08, 0x04, 0x00, 0xec, 0x08, 0x04, 0x00,
  0xfe, 0x08, 0x04, 0x00, 0x21, 0xc3, 0x04, 0x00, 0x30, 0xc3, 0x34, 0x5e,
  0x3e, 0x03, 0x5a, 0x03, 0x50, 0xb0, 0x5e, 0xc2, 0x04, 0x00, 0x21, 0xc3,
  0x04, 0x00, 0x30, 0xc3, 0x34, 0x5e, 0x3a, 0x02, 0x40, 0xb0, 0x5e, 0xc2,
  0x08, 0x00, 0x21, 0xc3, 0x04, 0x00, 0x14, 0xa2, 0x30, 0x01, 0x10, 0xc1,
  0x34, 0x5e, 0x5e, 0xc0, 0x04, 0x00, 0x1e, 0x02, 0x00, 0x12, 0x1a, 0x02,
  0xcc, 0xbf, 0x30, 0x01, 0x10, 0xc1, 0x34, 0x5e, 0x5e, 0xc2, 0x04, 0x00,
  0x1e, 0x00, 0x23, 0x12, 0x01, 0x12, 0xec, 0xbf, 0x5e, 0xc1, 0x04, 0x00,
  0x5e, 0xc2, 0x08, 0x00, 0x5e, 0xc3, 0x0c, 0x00, 0x99, 0xd9, 0x06, 0x00,
  0x5e, 0x03, 0x60, 0x02, 0xf8, 0xd1, 0x54, 0x04, 0x29, 0xd8, 0x0e, 0x00,
  0x06, 0xbf, 0x5e, 0xc1, 0x04, 0x00, 0x5e, 0xc2, 0x08, 0x00, 0x5e, 0xc3,
  0x0c, 0x00, 0xf9, 0xdd, 0x01, 0x00, 0x5a, 0x00, 0xe0, 0xbf, 0x5e, 0xc1,
  0x04, 0x00, 0x5e, 0xc2, 0x08, 0x00, 0x5e, 0xc3, 0x0c, 0x00, 0xf9, 0xdb,
  0x01, 0x00, 0xec, 0xbf, 0x5e, 0xc1, 0x04, 0x00, 0x5e, 0xc2, 0x08, 0x00,
  0x5e, 0xc3, 0x0c, 0x00, 0x59, 0xda, 0x01, 0x00, 0xda, 0xbf, 0x5e, 0xc3,
  0x0c, 0x00, 0x08, 0xe3, 0x0e, 0x00, 0x5e, 0xc1, 0x04, 0x00, 0x5e, 0xc2,
  0x0c, 0x00, 0x21, 0xc3, 0xff, 0x7f, 0x34, 0xc3, 0xff, 0xff, 0x31, 0x12,
  0xd9, 0xdd, 0x20, 0x00, 0xba, 0xbf, 0x5e, 0xc3, 0x04, 0x00, 0x42, 0xbf,
  0x5e, 0xc3, 0x0c, 0x00, 0x08, 0xe3, 0x10, 0x00, 0x5e, 0xc1, 0x04, 0x00,
  0x5e, 0xc2, 0x08, 0x00, 0x5e, 0xc3, 0x0c, 0x00, 0x21, 0xc0, 0xff, 0x7f,
  0x04, 0xc0, 0xff, 0xff, 0x01, 0x13, 0x39, 0xde, 0x20, 0x00, 0x72, 0xbf,
  0x5e, 0xc3, 0x04, 0x00, 0x5e, 0xc2, 0x08, 0x00, 0x26, 0xbf, 0x5e, 0xc1,
  0x04, 0x00, 0x00, 0x52, 0x47, 0xbc, 0x5e, 0xbf, 0x5e, 0xc3, 0x04, 0x00,
  0x5e, 0xc1, 0x08, 0x00, 0x0c, 0xa3, 0x5e, 0xc2, 0x0c, 0x00, 0x99, 0xde,
  0x43, 0x00, 0x68, 0xbf, 0x79, 0xda, 0x43, 0x00, 0x62, 0xbf, 0x5e, 0xc1,
  0x04, 0x00, 0x5e, 0xc2, 0x08, 0x00, 0x5e, 0xc3, 0x0c, 0x00, 0xb9, 0xd9,
  0x44, 0x00, 0x50, 0xbf, 0x5e, 0xc1, 0x04, 0x00, 0x5e, 0xc2, 0x08, 0x00,
  0x5e, 0xc3, 0x0c, 0x00, 0xa9, 0xdb, 0x44, 0x00, 0x3e, 0xbf, 0x5e, 0xc1,
  0x04, 0x00, 0x5e, 0xc2, 0x08, 0x00, 0x5e, 0xc3, 0x0c, 0x00, 0x99, 0xdd,
  0x44, 0x00, 0x2c, 0xbf, 0x5e, 0xc1, 0x04, 0x00, 0x5e, 0xc2, 0x08, 0x00,
  0x5e, 0xc3, 0x0c, 0x00, 0x89, 0xdf, 0x44, 0x00, 0x1a, 0xbf, 0x5e, 0xc1,
  0x04, 0x00, 0x5e, 0xc2, 0x08, 0x00, 0x5e, 0xc3, 0x0c, 0x00, 0x79, 0xd9,
  0x45, 0x00, 0x08, 0xbf, 0x5e, 0xc1, 0x04, 0x00, 0x5e, 0xc2, 0x08, 0x00,
  0x5e, 0xc3, 0x0c, 0x00, 0x19, 0xdb, 0x45, 0x00, 0xf6, 0xbe, 0x5e, 0xc3,
  0x04, 0x00, 0x7f, 0x50, 0x33, 0x00, 0x13, 0xa0, 0x5e, 0xc2, 0x04, 0x00,
  0xc8, 0xd1, 0x54, 0x04, 0x89, 0xde, 0x0c, 0x00, 0xff, 0x53, 0x6c, 0xbe,
  0x21, 0xc3, 0x04, 0x00, 0x30, 0xc3, 0xd0, 0x5b, 0x3e, 0x02, 0x5a, 0xc2,
  0x08, 0x00, 0x5e, 0xc2, 0x04, 0x00, 0x3a, 0x02, 0x00, 0x53, 0x54, 0xbe,
  0x09, 0xda, 0x49, 0x00, 0xbe, 0xbe, 0x00, 0x00, 0x10, 0x00, 0x30, 0x10,
  0x05, 0xc0, 0x03, 0x00, 0x8d, 0x12, 0x18, 0xa0, 0x30, 0x91, 0x00, 0x03,
  0x14, 0x03, 0x04, 0x63, 0xfc, 0x63, 0x05, 0xa3, 0x02, 0x70, 0x04, 0x61,
  0x18, 0xc2, 0xff, 0xff, 0xf4, 0xbf, 0x00, 0x50, 0x02, 0x70, 0x10, 0x00,
  0x30, 0x10, 0x05, 0xc0, 0x03, 0x00, 0x17, 0xa0, 0x10, 0x00, 0x00, 0x09,
  0x34, 0x09, 0x15, 0xe9, 0x03, 0x00, 0x02, 0x70, 0x10, 0x60, 0x0a, 0xc2,
  0xfc, 0xff, 0xf0, 0xbf, 0x00, 0x50, 0x02, 0x70, 0x25, 0xc9, 0xff, 0x00,
  0x10, 0x02, 0x30, 0x12, 0x25, 0xc2, 0x03, 0x00, 0xe0, 0x6f, 0x0a, 0xa2,
  0x90, 0x02, 0x20, 0x6f, 0xc8, 0xd9, 0x09, 0x04, 0x90, 0x02, 0x87, 0x69,
  0x46, 0x62, 0x00, 0x12, 0x90, 0x12, 0xc6, 0x69, 0x90, 0x12, 0x20, 0x6f,
  0xf8, 0xda, 0x09, 0x04, 0x10, 0x00, 0x30, 0x10, 0x20, 0x10, 0x05, 0xc0,
  0x03, 0x00, 0x1b, 0xa0, 0x10, 0x00, 0x00, 0x09, 0x34, 0x09, 0x11, 0xe9,
  0x0d, 0x00, 0x10, 0x62, 0x2e, 0xc9, 0xfc, 0xff, 0x10, 0x60, 0x0a, 0xc9,
  0xfc, 0xff, 0xec, 0xbf, 0x10, 0x00, 0x04, 0x63, 0xfc, 0x63, 0x07, 0xa3,
  0x10, 0x00, 0x02, 0x70, 0x04, 0x62, 0x2b, 0xc9, 0xff, 0xff, 0x04, 0x60,
  0x08, 0xc9, 0xff, 0xff, 0xec, 0xbf, 0x20, 0x00, 0x30, 0x10, 0x10, 0x10,
  0x05, 0xc0, 0x03, 0x00, 0x19, 0xa0, 0x10, 0x09, 0x90, 0x00, 0x34, 0x00,
  0x11, 0xe0, 0x0b, 0x00, 0x9e, 0x00, 0x2e, 0x0a, 0xa1, 0xe0, 0x12, 0x00,
  0xa4, 0x00, 0x02, 0x70, 0x04, 0x63, 0xfc, 0x63, 0x07, 0xa3, 0x00, 0x50,
  0x02, 0x70, 0x1b, 0x00, 0x2b, 0x09, 0x91, 0xe0, 0x04, 0x00, 0x94, 0x00,
  0x02, 0x70, 0x04, 0x61, 0x04, 0x62, 0xe8, 0xbf, 0x10, 0x69, 0x10, 0x62,
  0xcc, 0xbf, 0x10, 0x00, 0x0c, 0x03, 0x07, 0xa3, 0x14, 0x00, 0x02, 0x70,
  0x04, 0x60, 0xf6, 0xbf, 0xa0, 0x6f, 0x0e, 0x45, 0x0a, 0x46, 0x1a, 0x7b,
  0x10, 0x05, 0x20, 0x06, 0x1d, 0x51, 0x06, 0x4b, 0xc9, 0xdf, 0x0e, 0x00,
  0x21, 0xc3, 0x00, 0xe0, 0x22, 0xa6, 0x3a, 0x05, 0x11, 0x70, 0x19, 0xe0,
  0x03, 0x00, 0x00, 0x00, 0x3e, 0x02, 0x25, 0xe5, 0x02, 0x00, 0x21, 0xc3,
  0x00, 0xe0, 0x0b, 0x46, 0x3e, 0x00, 0x0f, 0x45, 0x07, 0x4b, 0x60, 0x6f,
  0xbe, 0x10, 0x55, 0xc5, 0xff, 0xff, 0xec, 0xa5, 0x3a, 0x05, 0x11, 0x70,
  0x19, 0xe0, 0x03, 0x00, 0x3e, 0x02, 0x25, 0xc2, 0xff, 0xff, 0x02, 0xa2,
  0xda, 0xbf, 0xc0, 0x6f, 0x1a, 0x7b, 0x00, 0x54, 0x01, 0x53, 0x01, 0x52,
  0x64, 0x51, 0x06, 0x4b, 0x49, 0xd8, 0x21, 0x00, 0x07, 0x4b, 0x01, 0x54,
  0x00, 0x53, 0x01, 0x52, 0x18, 0x7b, 0x64, 0x51, 0x40, 0x6f, 0x28, 0xdd,
  0x2b, 0x04, 0x21, 0xc3, 0x03, 0xe0, 0x21, 0xc2, 0xef, 0x1f, 0x34, 0xc3,
  0x24, 0x00, 0x24, 0xc2, 0x0f, 0x02, 0x3a, 0x02, 0x21, 0xc2, 0xef, 0x1f,
  0x24, 0xc2, 0x0e, 0x02, 0x3a, 0x02, 0x21, 0xc3, 0x07, 0xe0, 0x21, 0xc2,
  0x0e, 0x02, 0x34, 0xc3, 0x08, 0x00, 0x24, 0xc2, 0x0f, 0x02, 0x3a, 0x02,
  0x21, 0xc3, 0x07, 0xe0, 0x08, 0xa1, 0x00, 0x52, 0x3a, 0x02, 0x02, 0x70,
  0x01, 0x52, 0x3a, 0x02, 0x02, 0x70, 0x21, 0xc3, 0x10, 0xe3, 0xef, 0xd1,
  0xff, 0xff, 0x3e, 0x03, 0x20, 0x52, 0x31, 0x11, 0x21, 0xe1, 0x0e, 0x00,
  0xff, 0xd2, 0xff, 0xff, 0x21, 0x13, 0x32, 0x52, 0x21, 0xe3, 0x08, 0x00,
  0x21, 0xc3, 0x07, 0xe0, 0x34, 0xc3, 0x14, 0x00, 0x06, 0x52, 0x3a, 0x02,
  0x02, 0x70, 0x1a, 0x7b, 0xa0, 0x6f, 0x21, 0xc3, 0xb4, 0xac, 0x06, 0x4b,
  0x0e, 0x45, 0x0a, 0x46, 0x34, 0xc3, 0xb1, 0xac, 0xf0, 0xcf, 0x30, 0xff,
  0x32, 0x43, 0x21, 0xc3, 0x05, 0xe0, 0x01, 0x56, 0x34, 0xc3, 0x3c, 0x00,
  0x36, 0x46, 0x3e, 0x03, 0x00, 0x55, 0x01, 0xc4, 0x11, 0x05, 0x3a, 0x43,
  0x40, 0x42, 0x20, 0x53, 0x00, 0x51, 0x3e, 0x45, 0xa9, 0xdf, 0x1d, 0x00,
  0x01, 0xc4, 0x12, 0x05, 0x20, 0x53, 0x60, 0x42, 0x00, 0x51, 0x39, 0xdf,
  0x1d, 0x00, 0x01, 0xc4, 0x17, 0x05, 0x20, 0x53, 0xf0, 0xc2, 0x80, 0x00,
  0x00, 0x51, 0xb9, 0xde, 0x1d, 0x00, 0x01, 0xc4, 0x19, 0x05, 0x20, 0x53,
  0xf0, 0xc2, 0xa0, 0x00, 0x00, 0x51, 0x39, 0xde, 0x1d, 0x00, 0x20, 0x53,
  0x00, 0x52, 0x10, 0x41, 0xa9, 0xdf, 0xfd, 0xff, 0x01, 0xc4, 0x14, 0x05,
  0x20, 0x53, 0x10, 0x42, 0x00, 0x51, 0x79, 0xdd, 0x1d, 0x00, 0x21, 0xc1,
  0x05, 0xe0, 0x20, 0x53, 0x10, 0x42, 0x14, 0xc1, 0x00, 0x02, 0x19, 0xd8,
  0xfe, 0xff, 0x01, 0xc3, 0xbb, 0x23, 0x0e, 0x45, 0x0a, 0x45, 0x06, 0x45,
  0xfa, 0x03, 0x01, 0xc4, 0x90, 0x00, 0xf0, 0xc3, 0xc0, 0x00, 0x30, 0x42,
  0x00, 0x51, 0x19, 0xd9, 0x08, 0x00, 0x00, 0x05, 0x73, 0xa0, 0x01, 0xc4,
  0x15, 0x05, 0x20, 0x53, 0x10, 0x42, 0x00, 0x51, 0x89, 0xdb, 0x1d, 0x00,
  0x21, 0xc1, 0x05, 0xe0, 0x20, 0x53, 0x10, 0x42, 0x14, 0xc1, 0x00, 0x02,
  0x29, 0xde, 0xfd, 0xff, 0x21, 0xc3, 0x04, 0x00, 0x30, 0xc3, 0x6c, 0x5b,
  0x0a, 0x43, 0x01, 0xc3, 0x89, 0x21, 0xfa, 0x03, 0x30, 0x43, 0x0e, 0x45,
  0x06, 0x45, 0x01, 0xc4, 0xa0, 0x00, 0x30, 0x02, 0x00, 0x51, 0xf9, 0xde,
  0x07, 0x00, 0x31, 0xa0, 0x21, 0xc1, 0x01, 0x40, 0x01, 0xc3, 0xa0, 0x00,
  0x30, 0x42, 0x14, 0xc1, 0x00, 0xff, 0x79, 0xdc, 0xfd, 0xff, 0x20, 0x53,
  0x00, 0x52, 0x10, 0x41, 0xc9, 0xda, 0xfd, 0xff, 0x01, 0xc4, 0x16, 0x05,
  0x20, 0x53, 0x10, 0x42, 0x01, 0x51, 0xf8, 0xc6, 0x10, 0x00, 0x79, 0xd8,
  0x1d, 0x00, 0xf0, 0xcf, 0xd0, 0x00, 0x0b, 0x46, 0x0f, 0x45, 0x07, 0x4b,
  0x60, 0x6f, 0xbe, 0x10, 0x21, 0xc3, 0x04, 0x00, 0x09, 0x52, 0xc0, 0x6f,
  0x1a, 0x7b, 0x3a, 0xc2, 0x5c, 0x5e, 0x00, 0x51, 0x0f, 0x52, 0x06, 0x4b,
  0x29, 0xda, 0x47, 0x00, 0x00, 0x00, 0x11, 0x70, 0x00, 0x00, 0x00, 0x52,
  0x1c, 0xd1, 0x55, 0x04, 0xe9, 0xdd, 0x15, 0x00, 0xc0, 0x6f, 0x1a, 0x7b,
  0x01, 0x51, 0x06, 0x4b, 0x89, 0xd9, 0x08, 0x00, 0x00, 0x54, 0x00, 0xd3,
  0x60, 0x01, 0x00, 0xd2, 0xa0, 0x80, 0x00, 0x51, 0x59, 0xdd, 0x08, 0x00,
  0x21, 0xc3, 0x00, 0xe0, 0xff, 0x52, 0x3a, 0xc2, 0x14, 0x00, 0x3a, 0xc2,
  0x18, 0x00, 0x3a, 0xc2, 0x1c, 0x00, 0x3a, 0xc2, 0x44, 0x00, 0x3a, 0xc2,
  0x48, 0x00, 0x3a, 0xc2, 0x4c, 0x00, 0x21, 0xc3, 0x04, 0x00, 0x07, 0x52,
  0x3a, 0xc2, 0x5c, 0x5e, 0x01, 0xc1, 0x04, 0x01, 0x00, 0x52, 0x7f, 0xbd,
  0x08, 0xd8, 0x00, 0x04, 0x00, 0x52, 0x20, 0xd1, 0x55, 0x04, 0x19, 0xdb,
  0x15, 0x00, 0xc0, 0x6f, 0x06, 0x45, 0x1a, 0x7b, 0x10, 0x05, 0x21, 0x51,
  0xfa, 0x0b, 0x59, 0xdb, 0x0c, 0x00, 0x08, 0xe5, 0x12, 0x00, 0xff, 0x52,
  0x21, 0xc3, 0x00, 0xe0, 0x3a, 0xc2, 0x10, 0x00, 0x50, 0x01, 0xe9, 0xdc,
  0xf9, 0xff, 0x00, 0x01, 0x01, 0x52, 0xfe, 0x0b, 0x07, 0x45, 0x40, 0x6f,
  0x18, 0x7b, 0xe8, 0xd9, 0x0a, 0x04, 0x21, 0xc3, 0x00, 0x80, 0x34, 0xc3,
  0xff, 0xff, 0x51, 0x13, 0x01, 0xc0, 0x01, 0x0d, 0x01, 0xe3, 0x1c, 0x00,
  0x33, 0x00, 0x17, 0xa0, 0x01, 0xc2, 0x01, 0x0b, 0x21, 0xe3, 0x31, 0x00,
  0x01, 0xc2, 0x01, 0x0c, 0x21, 0xe3, 0x12, 0x00, 0x00, 0x53, 0x30, 0xb0,
  0x01, 0xc2, 0x01, 0x0e, 0x21, 0xe3, 0x27, 0x00, 0x01, 0xc2, 0x01, 0x0f,
  0x25, 0xe3, 0xf8, 0xff, 0x1e, 0x51, 0x39, 0xd8, 0x0c, 0x00, 0xdd, 0xbd,
  0x01, 0x53, 0x14, 0xb0, 0x21, 0xc3, 0x06, 0xe0, 0x34, 0xc3, 0x80, 0x21,
  0x3e, 0x03, 0x35, 0xc3, 0x04, 0x00, 0x29, 0xa3, 0x01, 0x53, 0xff, 0x51,
  0x21, 0xc2, 0x00, 0xe0, 0x2a, 0xc1, 0x10, 0x00, 0x4d, 0xa3, 0x00, 0x52,
  0x00, 0x51, 0xd3, 0xbc, 0x3d, 0xa0, 0x01, 0xc3, 0x01, 0x06, 0x31, 0xe5,
  0x17, 0x00, 0x1f, 0x51, 0x69, 0xde, 0x0b, 0x00, 0xd1, 0xbe, 0x1c, 0x51,
  0x29, 0xde, 0x0b, 0x00, 0x0b, 0xbd, 0x56, 0xc1, 0x01, 0x0c, 0x13, 0xc1,
  0x01, 0x00, 0x16, 0xc1, 0x01, 0x00, 0x21, 0xbd, 0x01, 0xc3, 0x01, 0x0e,
  0x35, 0xe5, 0xe0, 0xff, 0x57, 0xbd, 0xba, 0xbf, 0x20, 0x51, 0x19, 0xdd,
  0x0b, 0x00, 0xcf, 0xbe, 0x00, 0x52, 0x2d, 0xd1, 0x80, 0x00, 0x48, 0xbf,
  0x07, 0x45, 0xfe, 0x0b, 0x40, 0x6f, 0xbe, 0x10, 0x80, 0x6f, 0x16, 0x45,
  0x12, 0x46, 0x0e, 0x47, 0x0a, 0x48, 0x1a, 0x7b, 0x10, 0x06, 0x20, 0x05,
  0x30, 0x08, 0x40, 0x07, 0x06, 0x4b, 0x11, 0xa8, 0x0b, 0x48, 0x0f, 0x47,
  0x13, 0x46, 0x17, 0x45, 0x07, 0x4b, 0x20, 0x4f, 0xbe, 0x10, 0x5e, 0xc3,
  0x04, 0x00, 0x16, 0xa7, 0x5e, 0x01, 0x60, 0x02, 0x29, 0xde, 0xfb, 0xff,
  0x5e, 0xc3, 0x04, 0x00, 0xfc, 0x68, 0x20, 0x65, 0x36, 0x96, 0xd8, 0xbf,
  0x5e, 0x02, 0x60, 0x01, 0x89, 0xdd, 0xfb, 0xff, 0xec, 0xbf, 0x80, 0x6f,
  0x16, 0x45, 0x12, 0x46, 0x0e, 0x47, 0x20, 0x05, 0x1a, 0x7b, 0x10, 0x07,
  0x30, 0x06, 0x01, 0x54, 0x01, 0x53, 0x0f, 0xd2, 0x00, 0x01, 0x00, 0x51,
  0x0a, 0x48, 0x06, 0x4b, 0x29, 0xdc, 0x1d, 0x00, 0x0e, 0xa5, 0x01, 0x54,
  0x01, 0x53, 0x01, 0x52, 0x01, 0x51, 0xb9, 0xdb, 0x1d, 0x00, 0x01, 0x54,
  0x00, 0x53, 0xff, 0x52, 0x00, 0x51, 0x99, 0xdd, 0x1d, 0x00, 0x0e, 0xa5,
  0x01, 0x54, 0x00, 0x53, 0xff, 0x52, 0x01, 0x51, 0x29, 0xdd, 0x1d, 0x00,
  0x21, 0xc3, 0x10, 0xe3, 0x34, 0xc3, 0x80, 0x21, 0x01, 0xc2, 0x7f, 0xff,
  0x3e, 0x08, 0x01, 0x54, 0x01, 0x53, 0x81, 0x12, 0x60, 0x51, 0x59, 0xdc,
  0x1d, 0x00, 0x01, 0x54, 0x00, 0x53, 0xff, 0x52, 0x61, 0x51, 0xb9, 0xd9,
  0x1d, 0x00, 0x01, 0x54, 0x01, 0x53, 0x84, 0xc2, 0x80, 0x00, 0x60, 0x51,
  0x89, 0xdb, 0x1d, 0x00, 0x01, 0x53, 0x01, 0x52, 0x00, 0x51, 0x79, 0xdd,
  0x1d, 0x00, 0x01, 0x53, 0x00, 0x52, 0x0c, 0x51, 0x79, 0xde, 0x1d, 0x00,
  0x01, 0x53, 0x01, 0x52, 0x14, 0x51, 0x29, 0xde, 0x1d, 0x00, 0x21, 0xc3,
  0x10, 0xe3, 0x34, 0xc3, 0xc0, 0x00, 0x19, 0xe0, 0x03, 0x00, 0x00, 0x00,
  0x3e, 0x02, 0x10, 0xe2, 0x02, 0x00, 0x3a, 0x02, 0x21, 0xc3, 0x10, 0xe3,
  0x34, 0xc3, 0xc0, 0x00, 0x19, 0xe0, 0x03, 0x00, 0x00, 0x00, 0x3e, 0x02,
  0x14, 0xe2, 0x02, 0x00, 0x01, 0x54, 0x01, 0x53, 0x21, 0xc2, 0xc0, 0x00,
  0x00, 0x51, 0xd9, 0xd8, 0x1d, 0x00, 0x01, 0x54, 0x00, 0x53, 0xff, 0x52,
  0x00, 0x51, 0x79, 0xd8, 0x1d, 0x00, 0x01, 0x53, 0x75, 0xc2, 0x0f, 0x00,
  0x00, 0x51, 0x59, 0xda, 0x1d, 0x00, 0x21, 0xc3, 0x11, 0xe3, 0x65, 0xc6,
  0x01, 0x00, 0x34, 0xc3, 0x00, 0x0c, 0x3a, 0x06, 0x19, 0xe0, 0x03, 0x00,
  0x00, 0x00, 0x3e, 0x02, 0x21, 0xe6, 0x02, 0x00, 0x21, 0xc2, 0xc1, 0x00,
  0x07, 0xa5, 0x21, 0xc2, 0x01, 0x00, 0x01, 0x54, 0x01, 0x53, 0x00, 0x51,
  0xa9, 0xde, 0x1c, 0x00, 0x1a, 0xa5, 0x01, 0x54, 0x01, 0x53, 0x01, 0x52,
  0x01, 0x51, 0x39, 0xde, 0x1c, 0x00, 0x01, 0x54, 0x00, 0x53, 0xff, 0x52,
  0x01, 0x51, 0x99, 0xdb, 0x1c, 0x00, 0x07, 0x4b, 0x0b, 0x48, 0x0f, 0x47,
  0x13, 0x46, 0x17, 0x45, 0x18, 0x7b, 0x01, 0x54, 0x00, 0x53, 0xff, 0x52,
  0x00, 0x51, 0x20, 0x4f, 0x28, 0xdd, 0x2b, 0x04, 0xc0, 0x6f, 0x1a, 0x7b,
  0x06, 0x45, 0xfa, 0x0b, 0x10, 0x05, 0x2c, 0xa1, 0x21, 0xc3, 0x06, 0xec,
  0x34, 0xc3, 0x48, 0x00, 0xfc, 0x51, 0x3e, 0x02, 0x11, 0x12, 0x3a, 0x02,
  0x21, 0xc3, 0x06, 0xec, 0x34, 0xc3, 0x48, 0x04, 0x3e, 0x02, 0x11, 0x12,
  0x3a, 0x02, 0x01, 0xc1, 0x00, 0x08, 0x01, 0xc2, 0xc8, 0x00, 0xb9, 0xda,
  0x42, 0x00, 0x01, 0x54, 0x01, 0x53, 0x0f, 0xd2, 0x00, 0x01, 0x00, 0x51,
  0xa9, 0xd8, 0x1c, 0x00, 0x01, 0x54, 0x01, 0x53, 0x01, 0x52, 0x01, 0x51,
  0x49, 0xd8, 0x1c, 0x00, 0x01, 0x54, 0x00, 0x53, 0xff, 0x52, 0x00, 0x51,
  0x29, 0xda, 0x1c, 0x00, 0xff, 0x52, 0x01, 0x51, 0x01, 0x54, 0x00, 0x53,
  0xc9, 0xd9, 0x1c, 0x00, 0x01, 0xc2, 0xc8, 0x00, 0x01, 0xc1, 0x00, 0x08,
  0xc9, 0xd8, 0x42, 0x00, 0x22, 0xa5, 0x21, 0xc3, 0x06, 0xec, 0x34, 0xc3,
  0x48, 0x04, 0x3e, 0x02, 0x24, 0xc2, 0x03, 0x00, 0x3a, 0x02, 0x21, 0xc3,
  0x06, 0xec, 0x34, 0xc3, 0x48, 0x00, 0x3e, 0x02, 0x24, 0xc2, 0x03, 0x00,
  0x3a, 0x02, 0x07, 0x45, 0xfe, 0x0b, 0x40, 0x6f, 0xbe, 0x10, 0xc0, 0x6f,
  0x1a, 0x7b, 0x06, 0x45, 0xfa, 0x0b, 0x20, 0x05, 0x00, 0xe1, 0x57, 0x00,
  0x00, 0x53, 0x00, 0x52, 0x31, 0x51, 0x99, 0xd9, 0x1c, 0x00, 0x00, 0x53,
  0x01, 0x52, 0x01, 0xc1, 0xbe, 0x00, 0x89, 0xda, 0x1c, 0x00, 0x00, 0x54,
  0x01, 0x53, 0x01, 0x52, 0x0a, 0x51, 0x59, 0xdc, 0x1b, 0x00, 0x00, 0x54,
  0x01, 0x53, 0x01, 0x52, 0x0a, 0x51, 0x39, 0xde, 0x1b, 0x00, 0x00, 0x53,
  0x00, 0x52, 0x0f, 0x51, 0x79, 0xd9, 0x1c, 0x00, 0x21, 0xc3, 0x10, 0xe3,
  0x34, 0xc3, 0x5c, 0x00, 0x01, 0x52, 0x3a, 0x02, 0x19, 0xe0, 0x03, 0x00,
  0x3e, 0x02, 0xfe, 0x62, 0x08, 0xe2, 0x02, 0x00, 0x21, 0xc3, 0x10, 0xe3,
  0x34, 0xc3, 0xc0, 0x00, 0x19, 0xe0, 0x03, 0x00, 0x3e, 0x02, 0xe6, 0x62,
  0x0c, 0xe2, 0x02, 0x00, 0x08, 0x52, 0x3a, 0x02, 0x21, 0xc2, 0x10, 0xe3,
  0x24, 0xc2, 0xc0, 0x00, 0x19, 0xe0, 0x03, 0x00, 0x2e, 0x03, 0x35, 0xc3,
  0x08, 0x00, 0x02, 0xa3, 0x00, 0x54, 0x01, 0x52, 0x0a, 0x51, 0x79, 0xdb,
  0x1b, 0x00, 0x00, 0x54, 0x00, 0x53, 0x01, 0x52, 0x0a, 0x51, 0xd9, 0xd8,
  0x1b, 0x00, 0x00, 0x53, 0x00, 0x52, 0x01, 0xc1, 0xbe, 0x00, 0x49, 0xde,
  0x1b, 0x00, 0x00, 0x54, 0x01, 0x53, 0x01, 0x52, 0x0a, 0x51, 0x59, 0xda,
  0x1b, 0x00, 0x78, 0xa5, 0x00, 0x53, 0x00, 0x52, 0x10, 0x51, 0x89, 0xdd,
  0x1b, 0x00, 0x21, 0xc3, 0x10, 0xe3, 0x34, 0xc3, 0x60, 0x00, 0x01, 0x52,
  0x3a, 0x02, 0x19, 0xe0, 0x03, 0x00, 0x3e, 0x02, 0xfe, 0x62, 0x08, 0xe2,
  0x02, 0x00, 0x21, 0xc3, 0x10, 0xe3, 0x34, 0xc3, 0xc0, 0x00, 0x19, 0xe0,
  0x03, 0x00, 0x3e, 0x02, 0xde, 0x62, 0x0c, 0xe2, 0x02, 0x00, 0x10, 0x52,
  0x3a, 0x02, 0x21, 0xc2, 0x10, 0xe3, 0x24, 0xc2, 0xc0, 0x00, 0x19, 0xe0,
  0x03, 0x00, 0x2e, 0x03, 0x35, 0xc3, 0x10, 0x00, 0x02, 0xa3, 0x00, 0x52,
  0x38, 0x51, 0xd9, 0xd9, 0x1b, 0x00, 0x00, 0x54, 0x01, 0x53, 0x01, 0x52,
  0x09, 0x51, 0x39, 0xdf, 0x1a, 0x00, 0xfe, 0x0b, 0x07, 0x45, 0x00, 0x54,
  0x00, 0x53, 0x18, 0x7b, 0x01, 0x52, 0x09, 0x51, 0x40, 0x6f, 0x28, 0xdd,
  0x2b, 0x04, 0x07, 0x45, 0xfe, 0x0b, 0x40, 0x6f, 0xbe, 0x10, 0x30, 0x09,
  0x15, 0xc3, 0xff, 0x00, 0xe0, 0x6f, 0x10, 0xe3, 0x2a, 0x00, 0x28, 0xe3,
  0x05, 0x00, 0x22, 0xa3, 0xff, 0x50, 0x2e, 0xb0, 0x20, 0xe3, 0x37, 0x00,
  0x34, 0xe3, 0xfc, 0xff, 0x21, 0xc3, 0x00, 0xe8, 0x15, 0xc1, 0x00, 0x01,
  0x34, 0xc3, 0x04, 0x00, 0x05, 0xa1, 0x3a, 0x02, 0x3e, 0x00, 0x12, 0xb0,
  0x15, 0xc1, 0x00, 0x01, 0x10, 0xa1, 0x21, 0xc3, 0x10, 0xe3, 0x34, 0xc3,
  0x20, 0x10, 0x3e, 0x00, 0x20, 0x6f, 0x02, 0x70, 0x20, 0x04, 0x0b, 0x64,
  0x25, 0xc3, 0x01, 0x00, 0x45, 0xc4, 0x01, 0x00, 0x90, 0x02, 0x08, 0x51,
  0x20, 0x6f, 0x28, 0xdd, 0x2b, 0x04, 0x15, 0xc1, 0x00, 0x01, 0x0e, 0xa1,
  0x21, 0xc3, 0x10, 0xe3, 0x34, 0xc3, 0x20, 0x20, 0x3e, 0x00, 0xd6, 0xbf,
  0x20, 0x04, 0x0b, 0x64, 0x25, 0xc3, 0x01, 0x00, 0x45, 0xc4, 0x01, 0x00,
  0x90, 0x02, 0x08, 0x51, 0x20, 0x6f, 0x68, 0xdf, 0x2b, 0x04, 0x15, 0xc1,
  0x00, 0x01, 0x0e, 0xa1, 0x21, 0xc3, 0x10, 0xe3, 0x34, 0xc3, 0xa0, 0x30,
  0x3e, 0x00, 0xae, 0xbf, 0x93, 0xc3, 0x01, 0x00, 0x36, 0xc3, 0x01, 0x00,
  0x28, 0x51, 0x20, 0x6f, 0xa8, 0xd9, 0x2c, 0x04, 0x3a, 0xa1, 0x01, 0xc0,
  0xff, 0x14, 0x19, 0x00, 0x22, 0xa4, 0xaa, 0x50, 0x18, 0xc0, 0x02, 0x00,
  0x1e, 0xa2, 0x1a, 0xc2, 0x04, 0x00, 0x1a, 0xc3, 0x08, 0x00, 0x00, 0x53,
  0x1a, 0xc3, 0x0c, 0x00, 0x00, 0x50, 0x34, 0x53, 0x18, 0xc3, 0x03, 0x00,
  0x02, 0x70, 0x34, 0x50, 0xe0, 0xbf, 0x1e, 0xc2, 0x04, 0x00, 0xe5, 0xa2,
  0xae, 0xd2, 0x4e, 0x04, 0xda, 0xbf, 0xff, 0x50, 0x02, 0x70, 0xa0, 0x6f,
  0x1a, 0x7b, 0x0e, 0x45, 0x0a, 0x46, 0x06, 0x47, 0xfa, 0x0b, 0x10, 0x05,
  0x00, 0xe1, 0x50, 0x00, 0x21, 0xc6, 0x04, 0x00, 0x60, 0xc6, 0xd0, 0x00,
  0x00, 0x53, 0x6a, 0xc3, 0x08, 0x00, 0x1e, 0xc3, 0x08, 0x00, 0x21, 0xc2,
  0x01, 0x07, 0x24, 0xc2, 0xff, 0x00, 0x21, 0x13, 0x6a, 0xc3, 0x08, 0x00,
  0x1e, 0xc3, 0x0c, 0x00, 0x21, 0xc7, 0x04, 0x00, 0x50, 0xa3, 0x21, 0xc1,
  0x04, 0x00, 0x14, 0x53, 0x00, 0x52, 0x10, 0xc1, 0xe0, 0x00, 0x79, 0xd9,
  0xf7, 0xff, 0x6e, 0xc3, 0x08, 0x00, 0x34, 0xc3, 0x00, 0x09, 0x6a, 0xc3,
  0x08, 0x00, 0x21, 0xc3, 0x04, 0x00, 0x30, 0xc3, 0xe0, 0x00, 0x6a, 0xc3,
  0x0c, 0x00, 0x5e, 0xc3, 0x0c, 0x00, 0x14, 0xe3, 0x06, 0x00, 0xae, 0xd3,
  0x4e, 0x04, 0x5a, 0xc3, 0x0c, 0x00, 0x70, 0x03, 0x30, 0xc3, 0xd0, 0x00,
  0x5e, 0xc2, 0x0c, 0x00, 0x3e, 0xc1, 0x0c, 0x00, 0x5e, 0xc3, 0x10, 0x00,
  0x00, 0x54, 0x3b, 0xbf, 0x70, 0xc7, 0xd0, 0x00, 0x21, 0xc2, 0x00, 0x08,
  0x7e, 0xc3, 0x08, 0x00, 0x24, 0xc2, 0x00, 0x20, 0x00, 0x50, 0x20, 0x13,
  0x7a, 0xc3, 0x08, 0x00, 0x07, 0x47, 0x0b, 0x46, 0x0f, 0x45, 0xfe, 0x0b,
  0x60, 0x6f, 0xbe, 0x10, 0xff, 0x50, 0xf2, 0xbf, 0xa0, 0x6f, 0x1a, 0x7b,
  0x0a, 0x46, 0x0e, 0x45, 0x06, 0x47, 0xfa, 0x0b, 0x10, 0x06, 0x11, 0xa1,
  0xff, 0x50, 0x07, 0x47, 0x0b, 0x46, 0x0f, 0x45, 0xfe, 0x0b, 0x60, 0x6f,
  0xbe, 0x10, 0x21, 0xc1, 0x04, 0x00, 0x10, 0x53, 0x10, 0xc1, 0xd0, 0x00,
  0x00, 0x52, 0xd9, 0xdc, 0xf6, 0xff, 0x6e, 0xc3, 0x08, 0x00, 0x21, 0xc1,
  0x00, 0x08, 0x11, 0x13, 0x46, 0xa3, 0x21, 0xc3, 0x04, 0x00, 0x30, 0xc3,
  0xd0, 0x00, 0x21, 0xc1, 0x00, 0x08, 0x3e, 0xc2, 0x08, 0x00, 0x21, 0xc5,
  0x04, 0x00, 0x11, 0x12, 0x39, 0xa2, 0x6e, 0xc3, 0x08, 0x00, 0x21, 0xc1,
  0x00, 0x08, 0x14, 0xc1, 0x00, 0x20, 0x21, 0xc2, 0x00, 0x08, 0x31, 0x11,
  0x24, 0xc2, 0x00, 0x20, 0x25, 0xe1, 0x17, 0x00, 0x21, 0xc1, 0x04, 0x00,
  0x10, 0x53, 0x60, 0x02, 0x10, 0xc1, 0xd0, 0x00, 0xc9, 0xdb, 0xf6, 0xff,
  0x16, 0xb0, 0x60, 0x01, 0xcf, 0xbe, 0x08, 0xe0, 0xdc, 0xff, 0x8a, 0xbf,
  0x3e, 0xc3, 0x08, 0x00, 0x35, 0xc3, 0x00, 0x20, 0xc2, 0xa3, 0x00, 0x50,
  0x7e, 0xbf, 0x6e, 0xc2, 0x0c, 0x00, 0x50, 0x07, 0x70, 0xc7, 0xd0, 0x00,
  0x7a, 0xc3, 0x08, 0x00, 0x4c, 0xa2, 0x35, 0xc1, 0x00, 0x01, 0x40, 0xa1,
  0x4a, 0x63, 0x35, 0xc3, 0x03, 0x00, 0x14, 0x52, 0x21, 0xc1, 0x04, 0x00,
  0x04, 0x63, 0x10, 0xc1, 0xe0, 0x00, 0x7a, 0xc1, 0x0c, 0x00, 0x26, 0x13,
  0x6e, 0xc2, 0x0c, 0x00, 0x49, 0xd9, 0xf6, 0xff, 0x6e, 0x03, 0x50, 0xc5,
  0xd0, 0x00, 0x5a, 0x03, 0x6e, 0xc3, 0x04, 0x00, 0x5a, 0xc3, 0x04, 0x00,
  0x5e, 0xc3, 0x08, 0x00, 0x34, 0xc3, 0x00, 0x20, 0x5a, 0xc3, 0x08, 0x00,
  0xaa, 0xbf, 0x7a, 0xc2, 0x0c, 0x00, 0xde, 0xbf, 0x35, 0xc3, 0x00, 0x09,
  0x01, 0xc2, 0x00, 0x08, 0x25, 0xe3, 0xea, 0xff, 0x21, 0xc1, 0x04, 0x00,
  0x10, 0xc1, 0xe0, 0x00, 0x7a, 0xc1, 0x0c, 0x00, 0x14, 0x53, 0x00, 0x52,
  0xc9, 0xdd, 0xf5, 0xff, 0x7e, 0xc3, 0x08, 0x00, 0x01, 0x54, 0xae, 0xd2,
  0x4e, 0x04, 0x34, 0xc3, 0x00, 0x01, 0x7a, 0xc3, 0x08, 0x00, 0x7e, 0xc1,
  0x0c, 0x00, 0x00, 0x53, 0xe9, 0xbd, 0xa2, 0xbf, 0x80, 0x6f, 0x16, 0x45,
  0x10, 0x05, 0x0e, 0x47, 0x3e, 0x65, 0x21, 0xc7, 0x05, 0xe0, 0x70, 0x95,
  0x1a, 0x7b, 0x12, 0x46, 0x0a, 0x48, 0x06, 0x4b, 0x0a, 0x02, 0x21, 0xc9,
  0x05, 0xe0, 0x94, 0xc9, 0x04, 0x00, 0x23, 0x46, 0x90, 0x95, 0x21, 0xca,
  0x00, 0xe0, 0x0a, 0x03, 0x08, 0xd7, 0x00, 0x05, 0xa3, 0x95, 0x70, 0x93,
  0x27, 0x42, 0x2b, 0x48, 0x0a, 0x04, 0x65, 0xc0, 0x80, 0x00, 0x7c, 0xa0,
  0x60, 0x03, 0x2a, 0x63, 0x35, 0xc3, 0x18, 0x00, 0x20, 0x63, 0x62, 0xa1,
  0x21, 0xc1, 0x05, 0xe0, 0x14, 0xc1, 0x80, 0x02, 0x89, 0xdb, 0xf5, 0xff,
  0x0e, 0xa8, 0x21, 0xc1, 0x05, 0xe0, 0x14, 0xc1, 0x14, 0x00, 0x13, 0x95,
  0x3a, 0x08, 0x21, 0xc2, 0x00, 0xe0, 0x25, 0x95, 0x0c, 0xd7, 0x00, 0x05,
  0x73, 0x95, 0x3a, 0x06, 0x2f, 0x42, 0x21, 0xc3, 0x05, 0xe0, 0x34, 0xc3,
  0x04, 0x01, 0x1c, 0xd0, 0x00, 0x05, 0x24, 0xd1, 0x00, 0x05, 0x3a, 0x02,
  0x03, 0x95, 0x01, 0x52, 0x15, 0x95, 0x3a, 0x02, 0x19, 0xe0, 0x03, 0x00,
  0x5e, 0x03, 0x35, 0xc3, 0x01, 0x00, 0x02, 0xa3, 0x5e, 0x00, 0x0b, 0x48,
  0x0f, 0x47, 0x13, 0x46, 0x17, 0x45, 0x07, 0x4b, 0x20, 0x4f, 0xbe, 0x10,
  0x21, 0xc1, 0x05, 0xe0, 0x14, 0xc1, 0x00, 0x02, 0x89, 0xd8, 0xf5, 0xff,
  0xa0, 0xbf, 0x10, 0xd0, 0x00, 0x05, 0x03, 0x93, 0x3a, 0x02, 0x96, 0xbf,
  0x0b, 0x73, 0xc0, 0x6f, 0x1a, 0x7b, 0x35, 0xc0, 0x01, 0x00, 0x06, 0x4b,
  0x0c, 0xa0, 0x0b, 0x72, 0x28, 0xd1, 0x55, 0x04, 0x69, 0xdb, 0x0d, 0x00,
  0x21, 0xc3, 0x05, 0xe0, 0x34, 0xc3, 0x24, 0x00, 0x3e, 0x02, 0x25, 0xc2,
  0x01, 0x00, 0x1b, 0xa2, 0x21, 0xc3, 0x05, 0xe0, 0x34, 0xc3, 0xa4, 0x00,
  0x3e, 0x02, 0x25, 0xc2, 0x01, 0x00, 0x23, 0xa2, 0x3b, 0xa1, 0x07, 0x4b,
  0x40, 0x6f, 0xbe, 0x10, 0x21, 0xc2, 0x05, 0xe0, 0x24, 0xc2, 0x1c, 0x00,
  0x2a, 0x00, 0x19, 0xe0, 0x03, 0x00, 0x3e, 0x02, 0x25, 0xc2, 0x01, 0x00,
  0x02, 0xa2, 0xd2, 0xbf, 0x21, 0xc2, 0x05, 0xe0, 0x24, 0xc2, 0x9c, 0x00,
  0x00, 0x50, 0x2a, 0x00, 0x19, 0xe0, 0x03, 0x00, 0x3e, 0x02, 0x25, 0xc2,
  0x01, 0x00, 0x02, 0xa2, 0xc8, 0xbf, 0x21, 0xc3, 0x05, 0xe0, 0x34, 0xc3,
  0x28, 0x00, 0x03, 0x52, 0x3a, 0x02, 0x21, 0xc3, 0x05, 0xe0, 0x34, 0xc3,
  0xa8, 0x00, 0x3a, 0x02, 0xb2, 0xbf, 0x21, 0xc9, 0x05, 0xe0, 0x3f, 0x61,
  0x94, 0xc9, 0x34, 0x00, 0x80, 0x6f, 0x1a, 0x7b, 0x90, 0x90, 0x16, 0x45,
  0x12, 0x4b, 0x00, 0x55, 0x0a, 0x04, 0x0c, 0x50, 0x0e, 0x45, 0x0a, 0x45,
  0x06, 0x45, 0xfa, 0x00, 0x30, 0x04, 0x20, 0x03, 0x00, 0x52, 0x8b, 0xbe,
  0x21, 0xc3, 0x05, 0xe0, 0x34, 0xc3, 0x04, 0x01, 0x3a, 0x05, 0x17, 0x45,
  0x13, 0x4b, 0x20, 0x4f, 0xbe, 0x10, 0x80, 0x6f, 0x16, 0x45, 0x1a, 0x7b,
  0xfa, 0x01, 0x0c, 0x53, 0x20, 0x05, 0x04, 0x41, 0x30, 0x52, 0x12, 0x4b,
  0xe9, 0xdf, 0xf3, 0xff, 0x78, 0x53, 0xf8, 0xc3, 0x05, 0x00, 0x4f, 0xa5,
  0x00, 0x53, 0xf8, 0xc3, 0x0e, 0x00, 0xf0, 0x09, 0x00, 0x53, 0x0c, 0x40,
  0x03, 0x51, 0xf8, 0xc3, 0x0f, 0x00, 0x09, 0xe1, 0x13, 0x00, 0x9c, 0x02,
  0x21, 0xc3, 0x04, 0x00, 0x30, 0xc3, 0x7c, 0x5b, 0x25, 0xca, 0x0f, 0x00,
  0x23, 0x62, 0x25, 0xc2, 0x0f, 0x00, 0xaa, 0x93, 0x23, 0x93, 0xac, 0x0a,
  0x3c, 0x03, 0x04, 0x69, 0x08, 0xca, 0x01, 0x00, 0x08, 0x03, 0xf8, 0x60,
  0x04, 0x42, 0x07, 0x51, 0xb9, 0xdd, 0x3a, 0x00, 0x17, 0x45, 0x13, 0x4b,
  0x20, 0x4f, 0xbe, 0x10, 0x0a, 0x53, 0xb4, 0xbf, 0xf0, 0xcf, 0xc0, 0xff,
  0x1a, 0x7b, 0x36, 0x45, 0x32, 0x46, 0x2e, 0x47, 0x2a, 0x48, 0x26, 0x4b,
  0x06, 0x42, 0x0a, 0x43, 0x0e, 0x44, 0x10, 0x05, 0xb9, 0xd9, 0xf4, 0xff,
  0x00, 0x06, 0x28, 0xa0, 0x04, 0x43, 0x12, 0x43, 0x10, 0x43, 0x16, 0x43,
  0x20, 0x40, 0x40, 0x43, 0x00, 0x58, 0x00, 0x59, 0x25, 0x57, 0x1a, 0x40,
  0x1e, 0x43, 0x62, 0x08, 0x1d, 0xa0, 0x80, 0x03, 0x94, 0x03, 0x92, 0x95,
  0x07, 0x51, 0x19, 0xdd, 0x3a, 0x00, 0x2b, 0x48, 0x2f, 0x47, 0x33, 0x46,
  0x37, 0x45, 0x27, 0x4b, 0x40, 0x4f, 0xbe, 0x10, 0x83, 0x95, 0x3c, 0x03,
  0x75, 0xe3, 0x2e, 0x00, 0x80, 0x03, 0x94, 0x03, 0x92, 0x95, 0x07, 0x51,
  0xfa, 0x09, 0xf9, 0xdb, 0x3a, 0x00, 0x80, 0xc2, 0x01, 0x00, 0x23, 0x95,
  0x58, 0x51, 0x3c, 0x03, 0xfe, 0x09, 0x11, 0xe3, 0x10, 0x00, 0x32, 0xc1,
  0x59, 0x00, 0x0c, 0xa1, 0x53, 0x51, 0x11, 0xe3, 0x20, 0x00, 0x20, 0x08,
  0x2c, 0xb0, 0x73, 0x51, 0x11, 0xe3, 0x1b, 0x00, 0x78, 0x51, 0x15, 0xe3,
  0xfa, 0xff, 0x13, 0x43, 0x17, 0x40, 0x03, 0x03, 0x1c, 0xa0, 0x30, 0xc2,
  0x04, 0x00, 0x12, 0x42, 0x1b, 0x42, 0x20, 0x62, 0x1a, 0x42, 0x3e, 0x01,
  0x00, 0x52, 0xe5, 0xbe, 0x08, 0x68, 0x80, 0x09, 0x04, 0x68, 0x80, 0xbf,
  0x1f, 0x43, 0x30, 0xc2, 0x04, 0x00, 0x1e, 0x42, 0xea, 0xbf, 0x13, 0x43,
  0x17, 0x40, 0x03, 0x03, 0x18, 0xa0, 0x30, 0xc2, 0x04, 0x00, 0x12, 0x42,
  0x1b, 0x42, 0x20, 0x62, 0x1a, 0x42, 0x3e, 0x02, 0x07, 0x51, 0x69, 0xde,
  0x39, 0x00, 0xd2, 0xbf, 0x1f, 0x43, 0x30, 0xc2, 0x04, 0x00, 0x1e, 0x42,
  0xee, 0xbf, 0xf0, 0xcf, 0xd0, 0xff, 0x1a, 0x7b, 0x0d, 0x14, 0x22, 0x46,
  0x1e, 0x47, 0x1a, 0x48, 0x26, 0x45, 0x16, 0x4b, 0x10, 0x06, 0x20, 0x07,
  0x30, 0x08, 0x06, 0x44, 0x00, 0xe2, 0x43, 0x00, 0x0a, 0xa3, 0x10, 0x02,
  0x2c, 0xd1, 0x55, 0x04, 0xf1, 0xbe, 0x00, 0x53, 0x04, 0x66, 0x00, 0x55,
  0xf8, 0xc3, 0x0f, 0x00, 0x6c, 0xc1, 0xff, 0xff, 0x21, 0xc3, 0x04, 0x00,
  0x30, 0xc3, 0x7c, 0x5b, 0x10, 0x02, 0x23, 0x62, 0x15, 0xc1, 0x0f, 0x00,
  0x25, 0xc2, 0x0f, 0x00, 0x22, 0x93, 0x13, 0x93, 0x2c, 0x02, 0x3c, 0x03,
  0x07, 0x51, 0xf8, 0xc2, 0x0c, 0x00, 0xf8, 0xc3, 0x0d, 0x00, 0x07, 0x43,
  0x0c, 0x42, 0xf8, 0xc3, 0x0e, 0x00, 0x03, 0x53, 0xa9, 0xdc, 0x39, 0x00,
  0x55, 0xc3, 0x0f, 0x00, 0x04, 0x65, 0xf4, 0xe3, 0x0f, 0x00, 0x01, 0x53,
  0x34, 0xd2, 0x55, 0x04, 0x07, 0x51, 0xf9, 0xdb, 0x39, 0x00, 0x0e, 0xa8,
  0x73, 0x05, 0x0a, 0xa0, 0x60, 0x02, 0x2c, 0xd1, 0x55, 0x04, 0x8b, 0xbe,
  0x04, 0x66, 0x55, 0xe7, 0xd1, 0xff, 0x01, 0x53, 0x34, 0xd2, 0x55, 0x04,
  0x07, 0x51, 0xf9, 0xda, 0x39, 0x00, 0x1b, 0x48, 0x1f, 0x47, 0x23, 0x46,
  0x27, 0x45, 0x17, 0x4b, 0x30, 0x4f, 0xbe, 0x10, 0xf0, 0xcf, 0xc0, 0xff,
  0x36, 0x45, 0x1a, 0x7b, 0x40, 0x05, 0x32, 0x46, 0x2e, 0x47, 0x2a, 0x48,
  0x26, 0x4b, 0x10, 0x07, 0x20, 0x06, 0x30, 0x08, 0x0d, 0x15, 0x24, 0xa2,
  0x0a, 0xa3, 0x10, 0x02, 0x2c, 0xd1, 0x55, 0x04, 0x45, 0xbe, 0x00, 0x53,
  0x00, 0x59, 0xf8, 0xc3, 0x1f, 0x00, 0x63, 0x09, 0x1d, 0xa0, 0x01, 0x53,
  0x34, 0xd2, 0x55, 0x04, 0x07, 0x51, 0x99, 0xd8, 0x39, 0x00, 0x2b, 0x48,
  0x2f, 0x47, 0x33, 0x46, 0x37, 0x45, 0x27, 0x4b, 0x40, 0x4f, 0xbe, 0x10,
  0xfc, 0x50, 0x91, 0x10, 0x03, 0x97, 0x0a, 0x40, 0x3e, 0x02, 0x21, 0xc3,
  0x04, 0x00, 0x30, 0xc3, 0x7c, 0x5b, 0x20, 0x01, 0x22, 0x61, 0x15, 0xc1,
  0x0f, 0x00, 0x11, 0x93, 0x06, 0x49, 0x1c, 0x01, 0xf8, 0xc5, 0x15, 0x00,
  0xf8, 0xc5, 0x18, 0x00, 0xf8, 0xc1, 0x13, 0x00, 0x25, 0xc1, 0x0f, 0x00,
  0x11, 0x93, 0xf8, 0xc5, 0x1b, 0x00, 0x1c, 0x01, 0xf8, 0xc5, 0x1e, 0x00,
  0xf8, 0xc1, 0x14, 0x00, 0x20, 0x01, 0x62, 0x61, 0x15, 0xc1, 0x0f, 0x00,
  0x11, 0x93, 0x1c, 0x01, 0xf8, 0xc1, 0x16, 0x00, 0x20, 0x01, 0x42, 0x61,
  0x15, 0xc1, 0x0f, 0x00, 0x11, 0x93, 0x1c, 0x01, 0xf8, 0xc1, 0x17, 0x00,
  0x20, 0x01, 0xa2, 0x61, 0x15, 0xc1, 0x0f, 0x00, 0x11, 0x93, 0x1c, 0x01,
  0xf8, 0xc1, 0x19, 0x00, 0x20, 0x01, 0x82, 0x61, 0x15, 0xc1, 0x0f, 0x00,
  0x11, 0x93, 0x1c, 0x01, 0xf8, 0xc1, 0x1a, 0x00, 0x20, 0x01, 0xc2, 0x62,
  0x25, 0xc2, 0x0f, 0x00, 0xe2, 0x61, 0x11, 0x93, 0x23, 0x93, 0x1c, 0x01,
  0x3c, 0x03, 0xf0, 0xc2, 0x13, 0x00, 0xf8, 0xc1, 0x1c, 0x00, 0xf8, 0xc3,
  0x1d, 0x00, 0x07, 0x51, 0x0c, 0x53, 0xf9, 0xda, 0x38, 0x00, 0x07, 0x49,
  0x95, 0xc3, 0x0c, 0x00, 0x10, 0x69, 0x0e, 0x49, 0xc4, 0xe3, 0x12, 0x00,
  0x01, 0x53, 0x34, 0xd2, 0x55, 0x04, 0x07, 0x51, 0x29, 0xda, 0x38, 0x00,
  0x14, 0xa8, 0x0f, 0x42, 0x63, 0x02, 0x0e, 0xa0, 0x0b, 0x42, 0x2c, 0xd1,
  0x55, 0x04, 0x10, 0x62, 0x22, 0x97, 0x4b, 0xbd, 0x0f, 0x49, 0x0c, 0xbf,
  0x80, 0x6f, 0x1a, 0x7b, 0x16, 0x45, 0x0e, 0x47, 0x12, 0x46, 0x0a, 0x48,
  0x06, 0x4b, 0x10, 0x05, 0x20, 0x07, 0x60, 0xa2, 0x0a, 0xa3, 0x10, 0x02,
  0x2c, 0xd1, 0x55, 0x04, 0x29, 0xbd, 0x77, 0x95, 0x75, 0xe5, 0x0f, 0x00,
  0x07, 0x4b, 0x0b, 0x48, 0x0f, 0x47, 0x13, 0x46, 0x17, 0x45, 0x18, 0x7b,
  0x01, 0x53, 0x34, 0xd2, 0x55, 0x04, 0x07, 0x51, 0x20, 0x4f, 0x28, 0xde,
  0x50, 0x04, 0x5b, 0x03, 0x21, 0xc6, 0x04, 0x00, 0x60, 0xc6, 0x7c, 0x5b,
  0x22, 0x63, 0x21, 0xc8, 0x04, 0x00, 0x33, 0x96, 0x80, 0xc8, 0x58, 0x5e,
  0x3c, 0x02, 0x8e, 0x01, 0x04, 0x65, 0xa9, 0xd8, 0x37, 0x00, 0x5c, 0xc3,
  0xff, 0xff, 0x8e, 0x01, 0x35, 0xc3, 0x0f, 0x00, 0x36, 0x96, 0x6c, 0x02,
  0x19, 0xd8, 0x37, 0x00, 0xb0, 0xbf, 0x0b, 0x48, 0x0f, 0x47, 0x13, 0x46,
  0x17, 0x45, 0x07, 0x4b, 0x20, 0x4f, 0xbe, 0x10, 0xe0, 0x6f, 0x20, 0x00,
  0x0d, 0x14, 0x1e, 0xa2, 0x16, 0xa4, 0x10, 0x10, 0x05, 0xc0, 0x03, 0x00,
  0x08, 0xa0, 0x20, 0x6f, 0x58, 0xde, 0x16, 0x04, 0x20, 0x6f, 0xc8, 0xdb,
  0x17, 0x04, 0x20, 0x6f, 0xe8, 0xdc, 0x18, 0x04, 0x20, 0x6f, 0x02, 0x70,
  0x21, 0xc3, 0x0a, 0xe2, 0x34, 0xc3, 0x0c, 0x00, 0x21, 0xc2, 0xff, 0x00,
  0x3a, 0x02, 0x21, 0xc3, 0x0a, 0xe2, 0x34, 0xc3, 0x34, 0x00, 0x8d, 0x11,
  0x3e, 0x02, 0x21, 0xc2, 0x0a, 0xe2, 0x86, 0x61, 0x24, 0xc2, 0x08, 0x00,
  0x2a, 0x01, 0x3e, 0x03, 0x02, 0x70, 0xc0, 0x6f, 0x1a, 0x7b, 0x38, 0xd2,
  0x55, 0x04, 0x07, 0x51, 0x06, 0x4b, 0x69, 0xd8, 0x37, 0x00, 0x11, 0x70,
  0x07, 0x4b, 0x40, 0x6f, 0xbe, 0x10, 0x21, 0xc4, 0x00, 0xe6, 0x44, 0xc4,
  0x00, 0x81, 0x00, 0x5a, 0xff, 0x5b, 0x12, 0x0a, 0x20, 0xa0, 0x20, 0x03,
  0x10, 0xb0, 0x3b, 0xc9, 0x04, 0x00, 0x3b, 0x0c, 0x20, 0x63, 0x46, 0x69,
  0xc0, 0x19, 0x4a, 0x09, 0x3e, 0x09, 0xb5, 0xe9, 0xf8, 0xff, 0x04, 0x6a,
  0x20, 0x64, 0xe0, 0xbf, 0x02, 0x70, 0xff, 0x52, 0x1e, 0x03, 0x25, 0xe3,
  0x03, 0x00, 0x02, 0x70, 0x1e, 0xc0, 0x04, 0x00, 0x3a, 0x00, 0x1e, 0x03,
  0x3e, 0x00, 0x1e, 0xc3, 0x04, 0x00, 0x19, 0xe0, 0x03, 0x00, 0x00, 0x00,
  0x31, 0xe0, 0x03, 0x00, 0x00, 0x00, 0x20, 0x61, 0xdc, 0xbf, 0x21, 0xc3,
  0x00, 0xe6, 0x34, 0xc3, 0x20, 0x81, 0x05, 0x52, 0x3a, 0x02, 0x08, 0x52,
  0x3e, 0x00, 0x3a, 0x02, 0x3e, 0x03, 0x42, 0x63, 0x35, 0xc2, 0x03, 0x00,
  0x3f, 0xa2, 0x42, 0x60, 0x05, 0xc0, 0x07, 0x00, 0x14, 0xe0, 0x12, 0x00,
  0x13, 0x63, 0x35, 0xc3, 0x0f, 0x00, 0x54, 0xe3, 0x07, 0x00, 0x20, 0xe1,
  0x16, 0x00, 0x44, 0xe1, 0x12, 0x00, 0x02, 0x70, 0x44, 0xe3, 0x0f, 0x00,
  0x44, 0xe1, 0x0d, 0x00, 0x00, 0x50, 0x02, 0x70, 0x34, 0xe0, 0x09, 0x00,
  0x35, 0xc3, 0x3c, 0x00, 0x18, 0x52, 0x25, 0xe3, 0x04, 0x00, 0x10, 0xe1,
  0xf2, 0xff, 0x04, 0x50, 0x02, 0x70, 0x02, 0x50, 0x02, 0x70, 0xc0, 0x6f,
  0x1a, 0x7b, 0x06, 0x45, 0x01, 0x54, 0x10, 0x05, 0x00, 0x53, 0x01, 0x52,
  0x58, 0x51, 0xfa, 0x0b, 0xe9, 0xdc, 0x11, 0x00, 0x01, 0x54, 0x01, 0x53,
  0x01, 0x52, 0x58, 0x51, 0x49, 0xda, 0x11, 0x00, 0x01, 0x53, 0x00, 0x52,
  0x11, 0x51, 0xc9, 0xdf, 0x11, 0x00, 0x55, 0xc2, 0x03, 0x00, 0x01, 0x53,
  0x24, 0x51, 0x19, 0xde, 0x11, 0x00, 0x01, 0x54, 0x01, 0x53, 0x01, 0x52,
  0x58, 0x51, 0x79, 0xdb, 0x11, 0x00, 0xfe, 0x0b, 0x07, 0x45, 0x01, 0x54,
  0x00, 0x53, 0x18, 0x7b, 0x01, 0x52, 0x58, 0x51, 0x40, 0x6f, 0x28, 0xdd,
  0x2b, 0x04, 0x80, 0x6f, 0x0e, 0x47, 0x10, 0x07, 0x21, 0xc1, 0x00, 0xe6,
  0x1a, 0x7b, 0x14, 0xc1, 0x00, 0x80, 0x25, 0xc2, 0x07, 0x00, 0x70, 0x00,
  0x16, 0x45, 0x12, 0x46, 0x0a, 0x48, 0x06, 0x4b, 0x04, 0x60, 0xfc, 0x60,
  0x15, 0xa0, 0x00, 0x55, 0x35, 0xc8, 0xff, 0x00, 0x72, 0x05, 0x32, 0xa0,
  0x17, 0x65, 0x05, 0xc6, 0x1c, 0x00, 0x12, 0xb0, 0x18, 0x02, 0x20, 0x61,
  0xe6, 0xbf, 0x01, 0xc2, 0xc8, 0x00, 0x0a, 0x51, 0x09, 0xd8, 0x37, 0x00,
  0x21, 0xc3, 0x00, 0xe6, 0x34, 0xc3, 0x20, 0x80, 0x3e, 0x02, 0x6d, 0x22,
  0x25, 0xc2, 0x0f, 0x00, 0x85, 0xe2, 0xf3, 0xff, 0x04, 0x65, 0xce, 0xbf,
  0x0b, 0x48, 0x0f, 0x47, 0x13, 0x46, 0x17, 0x45, 0x07, 0x4b, 0x20, 0x4f,
  0xbe, 0x10, 0xa0, 0x6f, 0x1a, 0x7b, 0x21, 0xc3, 0x10, 0xe3, 0x0a, 0x46,
  0x0e, 0x45, 0x06, 0x4b, 0x3e, 0x03, 0x20, 0x06, 0x08, 0xe3, 0x76, 0x00,
  0x21, 0xc2, 0x00, 0x30, 0x21, 0x13, 0x21, 0xc2, 0x00, 0x10, 0x21, 0xe3,
  0x0a, 0x00, 0x21, 0xc2, 0x00, 0x20, 0x21, 0xe3, 0x6b, 0x00, 0x04, 0xe3,
  0x65, 0x00, 0x02, 0x55, 0x04, 0xb0, 0x01, 0x55, 0x07, 0xbf, 0x0a, 0xa6,
  0x04, 0x53, 0x05, 0x52, 0x50, 0x01, 0x55, 0xbf, 0x02, 0x53, 0x02, 0x52,
  0x50, 0x01, 0x4d, 0xbf, 0x21, 0xc3, 0x00, 0xe6, 0x34, 0xc3, 0x80, 0x81,
  0x01, 0x52, 0x3a, 0x02, 0x19, 0xe0, 0x03, 0x00, 0x00, 0x00, 0x3e, 0x02,
  0x10, 0xe2, 0x02, 0x00, 0x21, 0xc2, 0x00, 0xe6, 0x24, 0xc2, 0x00, 0x81,
  0x01, 0xc3, 0x02, 0x03, 0x2a, 0x03, 0x10, 0xe5, 0x15, 0x00, 0x21, 0xc2,
  0x00, 0xe6, 0x24, 0xc2, 0x08, 0x81, 0x2a, 0x03, 0x20, 0xe5, 0x0e, 0x00,
  0x21, 0xc2, 0x00, 0xe6, 0x24, 0xc2, 0x10, 0x81, 0x2a, 0x03, 0x44, 0xe5,
  0x07, 0x00, 0x21, 0xc2, 0x00, 0xe6, 0x24, 0xc2, 0x18, 0x81, 0x2a, 0x03,
  0x50, 0x01, 0x41, 0xbe, 0x00, 0x06, 0x48, 0xe0, 0x2d, 0x00, 0x21, 0xc1,
  0x04, 0x00, 0x10, 0xc1, 0x7c, 0x5c, 0x09, 0xbe, 0x21, 0xc1, 0x04, 0x00,
  0x2f, 0x66, 0x10, 0xc1, 0xb4, 0x5d, 0x11, 0x90, 0xfb, 0xbd, 0x21, 0xc1,
  0x04, 0x00, 0x10, 0xc1, 0xe4, 0x5b, 0xf1, 0xbd, 0x21, 0xc2, 0x04, 0x00,
  0x20, 0xc2, 0x94, 0x5d, 0x50, 0x01, 0xb5, 0xbd, 0x34, 0xe6, 0x08, 0x00,
  0x21, 0xc2, 0x04, 0x00, 0x20, 0xc2, 0xa4, 0x5d, 0x50, 0x01, 0xa5, 0xbd,
  0x01, 0x53, 0x01, 0x52, 0x50, 0x01, 0xad, 0xbe, 0x00, 0x50, 0x0b, 0x46,
  0x0f, 0x45, 0x07, 0x4b, 0x60, 0x6f, 0xbe, 0x10, 0xff, 0x50, 0xf4, 0xbf,
  0xfe, 0x50, 0xf0, 0xbf, 0x04, 0x55, 0x36, 0xbf, 0xa0, 0x6f, 0x1a, 0x7b,
  0x0a, 0x46, 0x06, 0x47, 0x10, 0x06, 0x25, 0xc7, 0xff, 0x00, 0x00, 0x51,
  0x03, 0x52, 0x0e, 0x45, 0xfa, 0x0b, 0x09, 0xda, 0x07, 0x00, 0x00, 0x51,
  0xf9, 0xdb, 0x2e, 0x00, 0x60, 0x05, 0x50, 0x00, 0x64, 0x00, 0x72, 0x00,
  0x1d, 0xa0, 0x00, 0x51, 0x79, 0xdc, 0x2e, 0x00, 0xfe, 0x0b, 0x07, 0x47,
  0x0b, 0x46, 0x0f, 0x45, 0x18, 0x7b, 0x03, 0x52, 0x00, 0x51, 0x60, 0x6f,
  0xd8, 0xd9, 0x23, 0x04, 0x5b, 0xc3, 0x01, 0x00, 0x5b, 0x02, 0x00, 0x51,
  0x08, 0x65, 0x46, 0x63, 0x30, 0x12, 0x29, 0xdc, 0x2e, 0x00, 0xcc, 0xbf,
  0x80, 0x6f, 0x12, 0x46, 0x0e, 0x47, 0x1a, 0x7b, 0x10, 0x07, 0x25, 0xc6,
  0xff, 0x00, 0x16, 0x45, 0x0a, 0x48, 0x06, 0x4b, 0x04, 0x52, 0x00, 0x51,
  0x79, 0xda, 0x07, 0x00, 0xf8, 0xa0, 0x04, 0x52, 0x00, 0x51, 0x89, 0xdd,
  0x07, 0x00, 0x00, 0x55, 0x00, 0x51, 0x19, 0xdb, 0x2e, 0x00, 0x00, 0x08,
  0x21, 0xa0, 0x00, 0x51, 0x99, 0xdb, 0x2e, 0x00, 0x03, 0x52, 0x00, 0x51,
  0x19, 0xde, 0x06, 0x00, 0x80, 0x00, 0x0f, 0x47, 0x0b, 0x48, 0x13, 0x46,
  0x17, 0x45, 0x07, 0x4b, 0x20, 0x4f, 0xbe, 0x10, 0x63, 0x05, 0x24, 0xa0,
  0x00, 0x51, 0x29, 0xda, 0x2e, 0x00, 0x52, 0x97, 0x50, 0xc3, 0x01, 0x00,
  0x00, 0x01, 0x28, 0x00, 0x62, 0x03, 0x0a, 0xa0, 0x10, 0x00, 0x42, 0x60,
  0x28, 0xc0, 0x01, 0x00, 0x08, 0x65, 0x8d, 0x15, 0xb4, 0xbf, 0x01, 0x58,
  0xba, 0xbf, 0x80, 0x6f, 0x1a, 0x7b, 0x12, 0x46, 0x0e, 0x47, 0x0a, 0x48,
  0x16, 0x45, 0x06, 0x4b, 0x10, 0x07, 0x8d, 0x12, 0x30, 0x08, 0x45, 0xc6,
  0xff, 0x00, 0x78, 0xa1, 0x76, 0xa3, 0x23, 0xc3, 0x04, 0x00, 0x75, 0xa3,
  0x63, 0xc3, 0x05, 0x00, 0x6f, 0xa3, 0x1b, 0xc5, 0x02, 0x00, 0xf4, 0x62,
  0x22, 0x05, 0x68, 0xa0, 0x50, 0xc3, 0x01, 0x00, 0x18, 0xc3, 0x02, 0x00,
  0x00, 0x52, 0x00, 0x53, 0x50, 0xc1, 0x02, 0x00, 0x22, 0x01, 0x3e, 0xa0,
  0x52, 0x97, 0x33, 0x13, 0x10, 0x65, 0x28, 0xc3, 0x03, 0x00, 0x60, 0x03,
  0xff, 0x52, 0x80, 0x01, 0xa9, 0xda, 0xec, 0xff, 0x50, 0x02, 0x70, 0x01,
  0xd1, 0xbe, 0x60, 0x02, 0x80, 0x01, 0x23, 0xbf, 0x8b, 0xc0, 0x03, 0x00,
  0x06, 0xc3, 0x80, 0x00, 0x33, 0xc3, 0x02, 0x00, 0xdf, 0xa3, 0x0b, 0x48,
  0x0f, 0x47, 0x13, 0x46, 0x17, 0x45, 0x07, 0x4b, 0x20, 0x4f, 0xbe, 0x10,
  0x20, 0x97, 0x04, 0x62, 0x0c, 0x00, 0x8d, 0x12, 0x03, 0x93, 0x8d, 0x13,
  0xb4, 0xbf, 0xff, 0x50, 0xe2, 0xbf, 0xfe, 0x50, 0xde, 0xbf, 0xfd, 0x50,
  0xda, 0xbf, 0xa0, 0x6f, 0x0a, 0x46, 0x35, 0xc6, 0xff, 0x00, 0x1a, 0x7b,
  0x62, 0xc3, 0x1d, 0x00, 0x0e, 0x45, 0x06, 0x47, 0xfa, 0x0b, 0x15, 0xc5,
  0xff, 0xff, 0x20, 0x07, 0x74, 0xa3, 0x21, 0xc1, 0x04, 0x00, 0x10, 0xc1,
  0x60, 0x5e, 0x40, 0x53, 0x00, 0x52, 0x39, 0xdf, 0xeb, 0xff, 0x21, 0xc1,
  0x04, 0x00, 0x10, 0xc1, 0x60, 0x5e, 0x18, 0x05, 0x42, 0x65, 0x18, 0xc5,
  0x01, 0x00, 0x18, 0xc6, 0x02, 0x00, 0x0c, 0xa7, 0x60, 0x03, 0x70, 0x02,
  0x0c, 0x61, 0x99, 0xdf, 0xeb, 0xff, 0x21, 0xc3, 0x04, 0x00, 0x30, 0xc3,
  0x80, 0x5e, 0x30, 0xc1, 0xe0, 0xff, 0x20, 0x52, 0x20, 0x54, 0x09, 0xbf,
  0x21, 0xc3, 0x04, 0x00, 0x30, 0xc3, 0x60, 0x5e, 0x3b, 0xc2, 0x21, 0x00,
  0x3b, 0xc0, 0x20, 0x00, 0x3b, 0xc1, 0x22, 0x00, 0x46, 0x62, 0x00, 0x12,
  0x3b, 0xc0, 0x23, 0x00, 0x86, 0x61, 0x10, 0x12, 0xc6, 0x60, 0x20, 0x10,
  0x07, 0x47, 0x0b, 0x46, 0x0f, 0x45, 0xfe, 0x0b, 0x60, 0x6f, 0xbe, 0x10,
  0xff, 0x50, 0xf2, 0xbf, 0xa0, 0x6f, 0x1a, 0x7b, 0x8d, 0x13, 0x0e, 0x4b,
  0xad, 0x11, 0x06, 0x42, 0x0d, 0xa3, 0x00, 0x52, 0x5f, 0xbf, 0x0f, 0x4b,
  0x60, 0x6f, 0xbe, 0x10, 0x04, 0x42, 0xf6, 0xbf, 0x1a, 0x7b, 0x80, 0x6f,
  0x06, 0x4b, 0x16, 0x45, 0x12, 0x46, 0x0e, 0x47, 0x0a, 0x48, 0xf0, 0xcf,
  0x60, 0xff, 0x20, 0x08, 0xf0, 0xc5, 0x73, 0x00, 0x30, 0x09, 0x15, 0xc6,
  0xff, 0x00, 0x2c, 0x53, 0xf0, 0xc1, 0x47, 0x00, 0x00, 0x52, 0x1e, 0x49,
  0xc9, 0xd9, 0xeb, 0xff, 0x50, 0x01, 0x2d, 0x53, 0x00, 0x52, 0x79, 0xd9,
  0xeb, 0xff, 0xa0, 0x57, 0x28, 0x5a, 0x30, 0x5c, 0xf0, 0xc1, 0x47, 0x00,
  0x2d, 0x54, 0x50, 0x03, 0x2c, 0x52, 0xf8, 0xca, 0x49, 0x00, 0xf8, 0xcc,
  0x4a, 0x00, 0x1a, 0x4a, 0x16, 0x4c, 0xf8, 0xc7, 0x47, 0x00, 0xf8, 0xc6,
  0x4d, 0x00, 0x5d, 0xbe, 0x21, 0xc2, 0x05, 0xe0, 0x24, 0xc2, 0x3c, 0x00,
  0x2e, 0x03, 0x30, 0x01, 0xf8, 0xc3, 0x27, 0x00, 0x42, 0x61, 0xf8, 0xc1,
  0x28, 0x00, 0x30, 0x01, 0xc2, 0x63, 0x82, 0x61, 0xf8, 0xc1, 0x29, 0x00,
  0xf8, 0xc3, 0x2a, 0x00, 0x2e, 0x03, 0xf0, 0xc1, 0x2f, 0x00, 0x30, 0x02,
  0xf8, 0xc3, 0x2b, 0x00, 0x42, 0x62, 0xf8, 0xc2, 0x2c, 0x00, 0x30, 0x02,
  0xc2, 0x63, 0x82, 0x62, 0xf8, 0xc2, 0x2d, 0x00, 0xf8, 0xc3, 0x2e, 0x00,
  0xf0, 0xc2, 0x7f, 0x00, 0x08, 0x53, 0x39, 0xdf, 0xea, 0xff, 0x1f, 0x49,
  0xf0, 0xc1, 0x37, 0x00, 0x10, 0x53, 0x90, 0x02, 0xc9, 0xde, 0xea, 0xff,
  0xf0, 0xc1, 0x47, 0x00, 0x2c, 0x53, 0x00, 0x52, 0x09, 0xdd, 0xea, 0xff,
  0x50, 0x01, 0x2d, 0x53, 0x00, 0x52, 0xb9, 0xdc, 0xea, 0xff, 0x00, 0x53,
  0x0e, 0x43, 0x01, 0xc3, 0x89, 0x21, 0xfa, 0x03, 0xf0, 0xc3, 0x27, 0x00,
  0x0a, 0x45, 0x06, 0x48, 0x20, 0x54, 0x30, 0x02, 0x01, 0x51, 0x19, 0xdf,
  0xf4, 0xff, 0x1b, 0x4a, 0x17, 0x4c, 0x02, 0x53, 0xf8, 0xc3, 0x4b, 0x00,
  0x01, 0x53, 0xf8, 0xc3, 0x4e, 0x00, 0xf0, 0xc2, 0x27, 0x00, 0xf0, 0xc1,
  0x52, 0x00, 0x20, 0x53, 0xf8, 0xca, 0x49, 0x00, 0xf8, 0xcc, 0x4a, 0x00,
  0xf8, 0xc7, 0x47, 0x00, 0xf8, 0xc6, 0x4d, 0x00, 0xc9, 0xdb, 0xea, 0xff,
  0xf0, 0xc1, 0x47, 0x00, 0x50, 0x03, 0x2d, 0x54, 0x2c, 0x52, 0x95, 0xbd,
  0xf0, 0xcf, 0xa0, 0x00, 0x0b, 0x48, 0x0f, 0x47, 0x13, 0x46, 0x17, 0x45,
  0x07, 0x4b, 0x20, 0x4f, 0xbe, 0x10, 0xa0, 0x6f, 0x1a, 0x7b, 0x0e, 0x45,
  0x06, 0x47, 0x20, 0x05, 0x10, 0x07, 0x03, 0x52, 0x00, 0x51, 0xfa, 0x0b,
  0x0a, 0x46, 0x89, 0xdf, 0x03, 0x00, 0x01, 0x53, 0x03, 0x52, 0x00, 0x51,
  0x99, 0xdc, 0x03, 0x00, 0x00, 0x53, 0x04, 0x52, 0x00, 0x51, 0x49, 0xdc,
  0x03, 0x00, 0x03, 0x53, 0x04, 0x52, 0x00, 0x51, 0x99, 0xdf, 0x03, 0x00,
  0x04, 0x52, 0x00, 0x51, 0x19, 0xd9, 0x05, 0x00, 0x04, 0x52, 0x00, 0x51,
  0xb9, 0xdc, 0x04, 0x00, 0x00, 0x51, 0xf9, 0xdc, 0x2a, 0x00, 0x01, 0xc6,
  0x80, 0x00, 0x24, 0xa7, 0x02, 0x53, 0x12, 0x52, 0x60, 0x01, 0x57, 0xbe,
  0x0c, 0xe0, 0xfc, 0xff, 0x16, 0xa5, 0x21, 0xc3, 0x04, 0x00, 0x21, 0xc2,
  0x04, 0x00, 0x30, 0xc3, 0x90, 0x5b, 0x20, 0xc2, 0xa0, 0x5b, 0x0b, 0x51,
  0x59, 0xbe, 0x00, 0x50, 0x07, 0x47, 0x0b, 0x46, 0x0f, 0x45, 0xfe, 0x0b,
  0x60, 0x6f, 0xbe, 0x10, 0xa0, 0x6f, 0x0e, 0x45, 0x0a, 0x46, 0x16, 0x4d,
  0x12, 0x4e, 0x1a, 0x7b, 0x06, 0x4b, 0xd0, 0x05, 0xe0, 0x06, 0x10, 0x51,
  0x50, 0x0d, 0x60, 0x0e, 0xa9, 0xda, 0xf9, 0xff, 0x00, 0x53, 0x49, 0x73,
  0x00, 0x53, 0x29, 0x73, 0x5c, 0xd2, 0x55, 0x04, 0x07, 0x51, 0x50, 0x0d,
  0x60, 0x0e, 0x09, 0xdc, 0x30, 0x00, 0x21, 0xc3, 0x04, 0x00, 0x30, 0xc3,
  0xd0, 0x00, 0x3e, 0xc3, 0x08, 0x00, 0x21, 0xc2, 0x00, 0x08, 0x21, 0x13,
  0x36, 0xa3, 0x21, 0xc3, 0x04, 0x00, 0x30, 0xc3, 0xd0, 0x00, 0x3e, 0xc3,
  0x08, 0x00, 0x35, 0xc3, 0x00, 0x10, 0x24, 0xa3, 0x0a, 0x51, 0x50, 0x0d,
  0x60, 0x0e, 0x79, 0xd8, 0xf9, 0xff, 0x21, 0xc3, 0x04, 0x00, 0x30, 0xc3,
  0xd0, 0x00, 0x3e, 0xc3, 0x0c, 0x00, 0x30, 0x02, 0x00, 0x51, 0x50, 0x0d,
  0x60, 0x0e, 0x79, 0xdc, 0x09, 0x00, 0x0f, 0x51, 0x50, 0x0d, 0x60, 0x0e,
  0x69, 0xdf, 0xf8, 0xff, 0x10, 0x70, 0x00, 0x52, 0x01, 0x51, 0x50, 0x0d,
  0x60, 0x0e, 0xb9, 0xdb, 0x09, 0x00, 0xf4, 0xbf, 0xf0, 0xcf, 0xd0, 0xff,
  0x26, 0x45, 0x22, 0x46, 0x2e, 0x4d, 0x2a, 0x4e, 0x1a, 0x7b, 0x1e, 0x4b,
  0xd0, 0x05, 0xe0, 0x06, 0x16, 0x41, 0x12, 0x42, 0x0e, 0x43, 0x0a, 0x44,
  0x11, 0x51, 0x50, 0x0d, 0x60, 0x0e, 0xb9, 0xdd, 0xf8, 0xff, 0x0b, 0x43,
  0xfa, 0x03, 0x0f, 0x44, 0x13, 0x43, 0x17, 0x42, 0x78, 0xd1, 0x55, 0x04,
  0x50, 0x0d, 0x60, 0x0e, 0xe9, 0xd9, 0xf5, 0xff, 0x01, 0xc2, 0xc8, 0x00,
  0x01, 0xc1, 0x00, 0x60, 0x50, 0x0d, 0x60, 0x0e, 0x29, 0xd9, 0x31, 0x00,
  0x98, 0xd2, 0x55, 0x04, 0x07, 0x51, 0x50, 0x0d, 0x60, 0x0e, 0x29, 0xde,
  0x2f, 0x00, 0x12, 0x51, 0x50, 0x0d, 0x60, 0x0e, 0xc9, 0xdb, 0xf8, 0xff,
  0x00, 0x00, 0x2b, 0x4e, 0x2f, 0x4d, 0x23, 0x46, 0x27, 0x45, 0x1f, 0x4b,
  0x30, 0x4f, 0xbe, 0x10, 0xa0, 0x6f, 0x0e, 0x45, 0x0a, 0x46, 0x16, 0x4d,
  0x12, 0x4e, 0x1a, 0x7b, 0x06, 0x4b, 0xd0, 0x05, 0xe0, 0x06, 0x13, 0x51,
  0x50, 0x0d, 0x60, 0x0e, 0x69, 0xda, 0xf8, 0xff, 0xac, 0xd2, 0x55, 0x04,
  0x07, 0x51, 0x50, 0x0d, 0x60, 0x0e, 0x09, 0xdc, 0x2f, 0x00, 0x01, 0xc2,
  0xc8, 0x00, 0x01, 0xc1, 0x00, 0x60, 0x50, 0x0d, 0x60, 0x0e, 0x19, 0xde,
  0x30, 0x00, 0xc0, 0xd2, 0x55, 0x04, 0x07, 0x51, 0x50, 0x0d, 0x60, 0x0e,
  0x19, 0xdb, 0x2f, 0x00, 0x14, 0x51, 0x50, 0x0d, 0x60, 0x0e, 0xb9, 0xd8,
  0xf8, 0xff, 0x00, 0x00, 0x13, 0x4e, 0x17, 0x4d, 0x0b, 0x46, 0x0f, 0x45,
  0x07, 0x4b, 0x60, 0x6f, 0xbe, 0x10, 0x80, 0x6f, 0x16, 0x45, 0x12, 0x46,
  0x1e, 0x4d, 0x1a, 0x4e, 0x1a, 0x7b, 0x0e, 0x4b, 0xd0, 0x05, 0xe0, 0x06,
  0x15, 0x51, 0x50, 0x0d, 0x60, 0x0e, 0x59, 0xdf, 0xf7, 0xff, 0x21, 0xc3,
  0x00, 0xe0, 0x06, 0x43, 0x07, 0x43, 0x3e, 0xc3, 0x10, 0x00, 0xfa, 0x03,
  0xfe, 0x02, 0xd4, 0xd1, 0x55, 0x04, 0x50, 0x0d, 0x60, 0x0e, 0x59, 0xdb,
  0xf4, 0xff, 0x00, 0x52, 0x00, 0x51, 0x50, 0x0d, 0x60, 0x0e, 0xd9, 0xda,
  0x08, 0x00, 0x00, 0x03, 0x10, 0xe3, 0x08, 0x00, 0xfe, 0x01, 0x50, 0x0d,
  0x60, 0x0e, 0xe9, 0xd9, 0xeb, 0xff, 0x0a, 0xb0, 0x07, 0x43, 0xff, 0x52,
  0x3a, 0xc2, 0x10, 0x00, 0xfe, 0x02, 0xf0, 0xd1, 0x55, 0x04, 0x50, 0x0d,
  0x60, 0x0e, 0xb9, 0xd9, 0xf4, 0xff, 0x16, 0x51, 0x50, 0x0d, 0x60, 0x0e,
  0x89, 0xdc, 0xf7, 0xff, 0x00, 0x00, 0x1b, 0x4e, 0x1f, 0x4d, 0x13, 0x46,
  0x17, 0x45, 0x0f, 0x4b, 0x20, 0x4f, 0xbe, 0x10, 0xa0, 0x6f, 0x0e, 0x45,
  0x0a, 0x46, 0x16, 0x4d, 0x12, 0x4e, 0x1a, 0x7b, 0x06, 0x4b, 0xd0, 0x05,
  0xe0, 0x06, 0x17, 0x51, 0x50, 0x0d, 0x60, 0x0e, 0x29, 0xdb, 0xf7, 0xff,
  0x00, 0x70, 0x4b, 0x72, 0x3b, 0x73, 0x0c, 0xd1, 0x56, 0x04, 0x50, 0x0d,
  0x60, 0x0e, 0x79, 0xdf, 0xf3, 0xff, 0x22, 0x70, 0x00, 0xb0, 0xa0, 0x6f,
  0x0e, 0x45, 0x0a, 0x46, 0x16, 0x4d, 0x12, 0x4e, 0x1a, 0x7b, 0x06, 0x4b,
  0xd0, 0x05, 0xe0, 0x06, 0x18, 0x51, 0x50, 0x0d, 0x60, 0x0e, 0x99, 0xd9,
  0xf7, 0xff, 0x00, 0x70, 0x4b, 0x72, 0x3b, 0x73, 0x2c, 0xd1, 0x56, 0x04,
  0x50, 0x0d, 0x60, 0x0e, 0xe9, 0xdd, 0xf3, 0xff, 0x22, 0x70, 0x00, 0xb0,
  0x80, 0x6f, 0x16, 0x45, 0x12, 0x46, 0x1e, 0x4d, 0x1a, 0x4e, 0x1a, 0x7b,
  0x0e, 0x4b, 0xd0, 0x05, 0xe0, 0x06, 0x06, 0x41, 0xfa, 0x02, 0x19, 0x51,
  0x50, 0x0d, 0x60, 0x0e, 0xe9, 0xdf, 0xf6, 0xff, 0x00, 0x70, 0xfe, 0x03,
  0x07, 0x42, 0x4c, 0xd1, 0x56, 0x04, 0x50, 0x0d, 0x60, 0x0e, 0x39, 0xdc,
  0xf3, 0xff, 0x22, 0x70, 0x00, 0xb0, 0xa0, 0x6f, 0x0e, 0x45, 0x0a, 0x46,
  0x16, 0x4d, 0x12, 0x4e, 0x1a, 0x7b, 0x06, 0x4b, 0xd0, 0x05, 0xe0, 0x06,
  0x1a, 0x51, 0x50, 0x0d, 0x60, 0x0e, 0x59, 0xde, 0xf6, 0xff, 0x64, 0xd2,
  0x56, 0x04, 0x07, 0x51, 0x50, 0x0d, 0x60, 0x0e, 0xf9, 0xdf, 0x2d, 0x00,
  0x1b, 0x51, 0x50, 0x0d, 0x60, 0x0e, 0x99, 0xdd, 0xf6, 0xff, 0x00, 0x00,
  0x13, 0x4e, 0x17, 0x4d, 0x0b, 0x46, 0x0f, 0x45, 0x07, 0x4b, 0x60, 0x6f,
  0xbe, 0x10, 0xc0, 0x6f, 0x06, 0x45, 0x1a, 0x7b, 0x21, 0xc5, 0x04, 0x00,
  0xfa, 0x0b, 0x50, 0xc5, 0x56, 0x03, 0x34, 0x53, 0x1a, 0xa1, 0xfe, 0x0b,
  0x5e, 0xc2, 0x0c, 0x00, 0x07, 0x45, 0x21, 0xc1, 0x04, 0x00, 0x18, 0x7b,
  0x10, 0xc1, 0x00, 0x00, 0x40, 0x6f, 0xf8, 0xda, 0x09, 0x04, 0x5e, 0xc2,
  0x10, 0x00, 0x21, 0xc1, 0x04, 0x00, 0x10, 0xc1, 0x00, 0x00, 0x09, 0xdc,
  0xe6, 0xff, 0x5e, 0x02, 0x21, 0xc3, 0x04, 0x00, 0x30, 0xc3, 0x00, 0x00,
  0x3a, 0x02, 0x5e, 0xc2, 0x04, 0x00, 0x3a, 0xc2, 0x14, 0x00, 0x5e, 0xc2,
  0x08, 0x00, 0x3a, 0xc2, 0x18, 0x00, 0x07, 0x45, 0xfe, 0x0b, 0x40, 0x6f,
  0xbe, 0x10, 0x21, 0xc0, 0x10, 0xe0, 0x07, 0xa1, 0x21, 0xc0, 0x0a, 0xe2,
  0x01, 0x51, 0x0e, 0x09, 0x2e, 0x21, 0x13, 0x11, 0x91, 0x11, 0x2e, 0x23,
  0x10, 0x13, 0x0a, 0x03, 0x11, 0x70, 0x02, 0x70, 0x21, 0xc3, 0x10, 0xe0,
  0x07, 0xa1, 0x21, 0xc3, 0x0a, 0xe2, 0x3e, 0xc0, 0x04, 0x00, 0x2c, 0x20,
  0x05, 0xc0, 0x01, 0x00, 0x02, 0x70, 0x21, 0xc0, 0x10, 0xe0, 0x07, 0xa1,
  0x21, 0xc0, 0x0a, 0xe2, 0x0e, 0xc1, 0x08, 0x00, 0x01, 0x53, 0x2e, 0x23,
  0x10, 0x13, 0x0a, 0xc3, 0x08, 0x00, 0x0e, 0xc3, 0x34, 0x00, 0x11, 0x70,
  0x02, 0x70, 0x21, 0xc0, 0x10, 0xe0, 0x07, 0xa1, 0x21, 0xc0, 0x0a, 0xe2,
  0x0e, 0xc1, 0x0c, 0x00, 0x01, 0x53, 0x2e, 0x23, 0x10, 0x13, 0x0a, 0xc3,
  0x0c, 0x00, 0x0e, 0xc3, 0x34, 0x00, 0x11, 0x70, 0x02, 0x70, 0x21, 0xc0,
  0x10, 0xe0, 0x07, 0xa1, 0x21, 0xc0, 0x0a, 0xe2, 0x21, 0xc1, 0x00, 0x80,
  0x14, 0xc1, 0x0f, 0x00, 0x21, 0x11, 0x08, 0xe1, 0x06, 0x00, 0xfc, 0x61,
  0xf0, 0x59, 0x90, 0x11, 0x04, 0x61, 0x0e, 0x61, 0x08, 0xe2, 0x03, 0x00,
  0x3c, 0x62, 0x23, 0x62, 0x14, 0x62, 0x16, 0x62, 0x22, 0x90, 0x03, 0x50,
  0x2e, 0x0a, 0x2e, 0x09, 0x1e, 0x20, 0x1e, 0x23, 0x03, 0x10, 0xa1, 0x10,
  0x90, 0x13, 0x00, 0x13, 0x2a, 0x03, 0x11, 0x70, 0x02, 0x70, 0xc0, 0x6f,
  0x0e, 0x45, 0x0a, 0x46, 0x06, 0x47, 0x21, 0xc9, 0x10, 0xe0, 0x07, 0xa1,
  0x21, 0xc9, 0x0a, 0xe2, 0x9e, 0xc7, 0x38, 0x00, 0x9e, 0xc3, 0x1c, 0x00,
  0x9e, 0xc6, 0x3c, 0x00, 0x9e, 0xc0, 0x20, 0x00, 0x9e, 0xc5, 0x40, 0x00,
  0x9e, 0xcb, 0x24, 0x00, 0x33, 0x13, 0x03, 0x10, 0x9e, 0xc4, 0x44, 0x00,
  0x61, 0x10, 0x9e, 0xca, 0x28, 0x00, 0x71, 0x13, 0x9e, 0xcc, 0x48, 0x00,
  0x00, 0x13, 0x9e, 0xc1, 0x2c, 0x00, 0xb0, 0x00, 0x03, 0x10, 0x51, 0x10,
  0xa0, 0x09, 0x30, 0x10, 0x93, 0x19, 0x10, 0x03, 0x41, 0x19, 0x33, 0x13,
  0xc1, 0x13, 0x90, 0x10, 0x30, 0x10, 0x01, 0x53, 0x07, 0x47, 0x2e, 0x23,
  0x31, 0x10, 0x0b, 0x46, 0x0f, 0x45, 0x40, 0x6f, 0x02, 0x70, 0x01, 0x59,
  0xc0, 0x6f, 0x0e, 0x45, 0x0a, 0x46, 0x06, 0x47, 0x2e, 0x29, 0x21, 0xc3,
  0x10, 0xe0, 0x07, 0xa1, 0x21, 0xc3, 0x0a, 0xe2, 0x3e, 0xc7, 0x38, 0x00,
  0x3e, 0xc2, 0x1c, 0x00, 0x3e, 0xc6, 0x3c, 0x00, 0x3e, 0xc0, 0x20, 0x00,
  0x3e, 0xc5, 0x40, 0x00, 0x3e, 0xcb, 0x24, 0x00, 0x3e, 0xc4, 0x44, 0x00,
  0x3e, 0xca, 0x28, 0x00, 0x3e, 0xcc, 0x48, 0x00, 0x3e, 0xc1, 0x2c, 0x00,
  0x3a, 0xc9, 0x38, 0x00, 0x3a, 0xc9, 0x3c, 0x00, 0x3a, 0xc9, 0x40, 0x00,
  0x3a, 0xc9, 0x44, 0x00, 0x3a, 0xc9, 0x48, 0x00, 0x11, 0x70, 0x20, 0x03,
  0x33, 0x13, 0x03, 0x10, 0x61, 0x10, 0x71, 0x13, 0x00, 0x13, 0xb0, 0x00,
  0x03, 0x10, 0x51, 0x10, 0xa0, 0x02, 0x30, 0x10, 0x23, 0x12, 0x10, 0x03,
  0x41, 0x12, 0x33, 0x13, 0x20, 0x10, 0xc1, 0x13, 0x30, 0x10, 0x91, 0x10,
  0x07, 0x47, 0x0b, 0x46, 0x0f, 0x45, 0x40, 0x6f, 0x02, 0x70, 0x01, 0x53,
  0x2e, 0x23, 0x21, 0xc2, 0x10, 0xe0, 0x07, 0xa1, 0x21, 0xc2, 0x0a, 0xe2,
  0x2e, 0xc1, 0x1c, 0x00, 0x33, 0x13, 0x11, 0x13, 0x2a, 0xc3, 0x1c, 0x00,
  0x02, 0x70, 0xa0, 0x6f, 0x0e, 0x45, 0x1a, 0x7b, 0x10, 0x05, 0x00, 0x54,
  0x01, 0x53, 0x01, 0x52, 0x40, 0x51, 0x0a, 0x46, 0x06, 0x4b, 0x59, 0xd8,
  0x07, 0x00, 0x00, 0x54, 0x00, 0x53, 0x01, 0x52, 0x40, 0x51, 0xb9, 0xdd,
  0x06, 0x00, 0x24, 0xa5, 0x01, 0x53, 0x07, 0x52, 0x00, 0x51, 0x0d, 0xbe,
  0x01, 0x53, 0x06, 0x52, 0x00, 0x51, 0x05, 0xbe, 0x10, 0x55, 0x18, 0x56,
  0x50, 0x02, 0x01, 0x53, 0x00, 0x51, 0x04, 0x65, 0xf7, 0xbd, 0x65, 0xe5,
  0xfb, 0xff, 0x0b, 0x46, 0x0f, 0x45, 0x07, 0x4b, 0x60, 0x6f, 0xbe, 0x10,
  0x19, 0xe0, 0x03, 0x00, 0x00, 0x00, 0x1e, 0xc3, 0x1c, 0x00, 0x02, 0xa3,
  0x02, 0x70, 0xa0, 0x6f, 0x1a, 0x7b, 0x0e, 0x45, 0x0a, 0x46, 0x06, 0x4b,
  0x21, 0xc5, 0x51, 0xe0, 0x07, 0xa1, 0x21, 0xc5, 0x50, 0xe0, 0x10, 0xc6,
  0x44, 0x00, 0x60, 0x01, 0x00, 0x54, 0x01, 0x53, 0x01, 0x52, 0xf9, 0xdc,
  0x06, 0x00, 0x00, 0x54, 0x00, 0x53, 0x01, 0x52, 0x60, 0x01, 0x59, 0xda,
  0x06, 0x00, 0x21, 0xc3, 0x00, 0x01, 0x34, 0xc3, 0x0f, 0xf7, 0x5a, 0xc3,
  0x2c, 0x00, 0x01, 0x53, 0x5a, 0xc3, 0x08, 0x00, 0x5a, 0xc3, 0x0c, 0x00,
  0x07, 0x53, 0x5a, 0xc3, 0x14, 0x00, 0x11, 0x70, 0x50, 0x01, 0xa3, 0xbf,
  0x5e, 0xc3, 0x28, 0x00, 0x5a, 0xc3, 0x28, 0x00, 0x21, 0xc3, 0x00, 0x01,
  0x5a, 0xc3, 0x2c, 0x00, 0x04, 0x53, 0x5a, 0xc3, 0x18, 0x00, 0x0b, 0x46,
  0x0f, 0x45, 0x07, 0x4b, 0x60, 0x6f, 0xbe, 0x10, 0xc0, 0x6f, 0x1a, 0x7b,
  0x06, 0x45, 0xfa, 0x0b, 0x8d, 0x12, 0x21, 0xc5, 0x51, 0xe0, 0x07, 0xa1,
  0x21, 0xc5, 0x50, 0xe0, 0x01, 0x51, 0x0a, 0x62, 0x5a, 0xc1, 0x08, 0x00,
  0x5a, 0xc1, 0x0c, 0x00, 0x5a, 0xc2, 0x10, 0x00, 0x00, 0x51, 0x40, 0x02,
  0x11, 0xf2, 0x05, 0x00, 0x04, 0x62, 0xfc, 0x62, 0x25, 0xa2, 0x46, 0x64,
  0x44, 0xc4, 0x02, 0x00, 0x50, 0x01, 0x5a, 0xc4, 0x14, 0x00, 0x43, 0xbf,
  0x04, 0x53, 0x5a, 0xc3, 0x14, 0x00, 0xfe, 0x0b, 0x50, 0x01, 0x07, 0x45,
  0x40, 0x6f, 0x18, 0x7b, 0x08, 0xd9, 0x25, 0x04, 0x3b, 0x01, 0x04, 0x63,
  0x5a, 0x01, 0xd4, 0xbf, 0xa0, 0x6f, 0x1a, 0x7b, 0x06, 0x43, 0x04, 0x43,
  0x0e, 0x4b, 0x9b, 0xbf, 0x0f, 0x4b, 0x60, 0x6f, 0xbe, 0x10, 0xa0, 0x6f,
  0x1a, 0x7b, 0x0e, 0x45, 0x0a, 0x46, 0x06, 0x47, 0xfa, 0x0b, 0x8d, 0x12,
  0x30, 0x07, 0x40, 0x05, 0x21, 0xc6, 0x51, 0xe0, 0x07, 0xa1, 0x21, 0xc6,
  0x50, 0xe0, 0x47, 0x65, 0x01, 0x53, 0x0a, 0x62, 0x04, 0xc0, 0x13, 0x00,
  0x6a, 0xc3, 0x08, 0x00, 0x60, 0x01, 0x6a, 0xc3, 0x0c, 0x00, 0x6a, 0xc2,
  0x10, 0x00, 0x6a, 0xc0, 0x14, 0x00, 0xdb, 0xbe, 0x00, 0x53, 0x31, 0xf5,
  0x05, 0x00, 0x04, 0x65, 0xfc, 0x65, 0x1b, 0xa5, 0x04, 0x53, 0x6a, 0xc3,
  0x14, 0x00, 0xfe, 0x0b, 0x60, 0x01, 0x07, 0x47, 0x0b, 0x46, 0x0f, 0x45,
  0x18, 0x7b, 0x60, 0x6f, 0x08, 0xd9, 0x25, 0x04, 0x6e, 0xc2, 0x04, 0x00,
  0x04, 0x67, 0x78, 0xc2, 0xff, 0xff, 0xda, 0xbf, 0xa0, 0x6f, 0x1a, 0x7b,
  0x0e, 0x45, 0x0a, 0x46, 0x06, 0x47, 0xfa, 0x0b, 0x8d, 0x12, 0x1f, 0x47,
  0x23, 0x46, 0x21, 0xc5, 0x51, 0xe0, 0x07, 0xa1, 0x21, 0xc5, 0x50, 0xe0,
  0x01, 0x51, 0x0a, 0x62, 0x5a, 0xc1, 0x08, 0x00, 0x5a, 0xc1, 0x0c, 0x00,
  0x5a, 0xc2, 0x10, 0x00, 0x00, 0x51, 0x40, 0x02, 0x11, 0xf2, 0x05, 0x00,
  0x04, 0x62, 0xfc, 0x62, 0x4d, 0xa2, 0x46, 0x64, 0x44, 0xc4, 0x02, 0x00,
  0x5a, 0xc4, 0x14, 0x00, 0x50, 0x01, 0x63, 0xbe, 0x05, 0x53, 0x5a, 0xc3,
  0x14, 0x00, 0x50, 0x01, 0x59, 0xbe, 0x47, 0x66, 0x04, 0xc0, 0x13, 0x00,
  0x5a, 0xc0, 0x14, 0x00, 0x50, 0x01, 0x4b, 0xbe, 0x00, 0x53, 0x31, 0xf6,
  0x05, 0x00, 0x04, 0x66, 0xfc, 0x66, 0x23, 0xa6, 0x04, 0x53, 0x5a, 0xc3,
  0x14, 0x00, 0xfe, 0x0b, 0x50, 0x01, 0x07, 0x47, 0x0b, 0x46, 0x0f, 0x45,
  0x18, 0x7b, 0x60, 0x6f, 0x08, 0xd9, 0x25, 0x04, 0x3b, 0x01, 0x04, 0x63,
  0x5a, 0x01, 0xac, 0xbf, 0x5e, 0xc1, 0x04, 0x00, 0x04, 0x67, 0x78, 0xc1,
  0xff, 0xff, 0xd2, 0xbf, 0xf0, 0xcf, 0xb8, 0xff, 0x3a, 0x46, 0x27, 0x50,
  0x25, 0xc6, 0xff, 0x00, 0x1a, 0x7b, 0x63, 0x00, 0x3e, 0x45, 0x36, 0x47,
  0x32, 0x48, 0x2e, 0x4b, 0x10, 0x07, 0x35, 0xc5, 0xff, 0x00, 0x06, 0x44,
  0x04, 0xe0, 0x6e, 0x00, 0x28, 0x50, 0x53, 0x00, 0x04, 0xe0, 0x6a, 0x00,
  0x53, 0x96, 0x32, 0xc3, 0x29, 0x00, 0x00, 0xe3, 0x65, 0x00, 0x00, 0xe1,
  0x61, 0x00, 0x00, 0x58, 0xff, 0x52, 0x80, 0xca, 0x18, 0x00, 0xa3, 0x05,
  0x78, 0xa0, 0x53, 0x08, 0x3a, 0xa0, 0x1b, 0x53, 0x00, 0x52, 0xf0, 0xc1,
  0x0d, 0x00, 0xf9, 0xd8, 0xe2, 0xff, 0x50, 0x03, 0x84, 0x03, 0x66, 0x98,
  0xf8, 0xc6, 0x0e, 0x00, 0x82, 0x97, 0x35, 0xc6, 0xff, 0x00, 0x10, 0x41,
  0xf8, 0xc6, 0x0f, 0x00, 0x89, 0xd9, 0xe2, 0xff, 0xf0, 0xc2, 0x0d, 0x00,
  0x60, 0xc3, 0x03, 0x00, 0x01, 0xc1, 0x85, 0x20, 0x39, 0xdf, 0xf5, 0xff,
  0x00, 0x02, 0x07, 0x43, 0x28, 0xa3, 0x1b, 0x53, 0x00, 0x52, 0xf0, 0xc1,
  0x0d, 0x00, 0x19, 0xdf, 0xe1, 0xff, 0x01, 0x53, 0xf8, 0xc3, 0x0d, 0x00,
  0xf0, 0xc2, 0x0d, 0x00, 0x03, 0x53, 0x01, 0xc1, 0x85, 0x20, 0xf8, 0xc5,
  0x0f, 0x00, 0xe9, 0xdd, 0xf5, 0xff, 0x00, 0x02, 0x20, 0x00, 0x33, 0x48,
  0x37, 0x47, 0x3b, 0x46, 0x3f, 0x45, 0x2f, 0x4b, 0x48, 0x4f, 0xbe, 0x10,
  0x1b, 0x53, 0x00, 0x52, 0xf0, 0xc1, 0x0d, 0x00, 0xfa, 0x0a, 0x59, 0xdd,
  0xe1, 0xff, 0x63, 0x98, 0xf8, 0xc3, 0x0e, 0x00, 0x18, 0x53, 0x82, 0x97,
  0xf8, 0xc3, 0x0f, 0x00, 0x10, 0x41, 0x18, 0x53, 0x09, 0xde, 0xe1, 0xff,
  0xf0, 0xc2, 0x0d, 0x00, 0x1b, 0x53, 0x01, 0xc1, 0x85, 0x20, 0xc9, 0xdb,
  0xf5, 0xff, 0xfe, 0x0a, 0x00, 0x02, 0xa5, 0xc8, 0xff, 0x00, 0x48, 0xbf,
  0xff, 0x52, 0x88, 0xbf, 0xff, 0x52, 0xae, 0xbf, 0xf0, 0xcf, 0xb8, 0xff,
  0x3a, 0x46, 0x27, 0x50, 0x25, 0xc6, 0xff, 0x00, 0x1a, 0x7b, 0x63, 0x00,
  0x3e, 0x45, 0x36, 0x47, 0x32, 0x48, 0x2e, 0x4b, 0x06, 0x41, 0x35, 0xc5,
  0xff, 0x00, 0x04, 0xe0, 0x5e, 0x00, 0x28, 0x50, 0x53, 0x00, 0x04, 0xe0,
  0x5a, 0x00, 0x53, 0x96, 0x32, 0xc3, 0x29, 0x00, 0x00, 0xe3, 0x55, 0x00,
  0x50, 0x03, 0x00, 0x52, 0xc9, 0xd9, 0xe1, 0xff, 0xff, 0x57, 0x00, 0x58,
  0x80, 0xca, 0x18, 0x00, 0xa3, 0x05, 0x50, 0xa0, 0x53, 0x08, 0x3c, 0xa0,
  0x1a, 0x53, 0x00, 0x52, 0xf0, 0xc1, 0x0e, 0x00, 0xe9, 0xd8, 0xe1, 0xff,
  0x84, 0x05, 0x02, 0x53, 0xf0, 0xc2, 0x0e, 0x00, 0x01, 0xc1, 0x83, 0x20,
  0x66, 0x98, 0xf8, 0xc6, 0x0e, 0x00, 0xf8, 0xc5, 0x0f, 0x00, 0xa9, 0xdf,
  0xf4, 0xff, 0x00, 0x07, 0x07, 0x40, 0x21, 0xc2, 0x04, 0x00, 0x50, 0x03,
  0x20, 0xc2, 0x84, 0x5e, 0x81, 0x90, 0xd9, 0xd8, 0xe1, 0xff, 0x70, 0x00,
  0x33, 0x48, 0x37, 0x47, 0x3b, 0x46, 0x3f, 0x45, 0x2f, 0x4b, 0x48, 0x4f,
  0xbe, 0x10, 0x1a, 0x53, 0x00, 0x52, 0xf0, 0xc1, 0x0e, 0x00, 0xfa, 0x0a,
  0x89, 0xde, 0xe0, 0xff, 0x63, 0x98, 0xf8, 0xc3, 0x0e, 0x00, 0x18, 0x53,
  0xf8, 0xc3, 0x0f, 0x00, 0xf0, 0xc2, 0x0e, 0x00, 0x02, 0x53, 0x01, 0xc1,
  0x83, 0x20, 0x49, 0xdd, 0xf4, 0xff, 0x00, 0x07, 0x07, 0x40, 0x21, 0xc2,
  0x04, 0x00, 0x18, 0x53, 0x81, 0x90, 0x20, 0xc2, 0x84, 0x5e, 0x79, 0xde,
  0xe0, 0xff, 0xfe, 0x0a, 0xa5, 0xc8, 0xff, 0x00, 0x68, 0xbf, 0xff, 0x57,
  0xaa, 0xbf, 0x21, 0xc3, 0x02, 0xe0, 0x34, 0xc3, 0x40, 0x00, 0x3a, 0x01,
  0x21, 0xc0, 0x02, 0xe0, 0x21, 0xc3, 0x02, 0xe0, 0x21, 0xc1, 0xad, 0xde,
  0x34, 0xc3, 0x44, 0x00, 0x14, 0xc1, 0xbe, 0xba, 0x04, 0xc0, 0x48, 0x00,
  0x3a, 0x01, 0x0a, 0x02, 0x19, 0xe0, 0x03, 0x00, 0x00, 0x00, 0x3e, 0x02,
  0x15, 0xe2, 0x02, 0x00, 0x3e, 0x00, 0x02, 0x70, 0x21, 0xc0, 0x02, 0xe0,
  0x04, 0xc0, 0x40, 0x00, 0x0a, 0x01, 0x21, 0xc1, 0x02, 0xe0, 0x14, 0xc1,
  0x44, 0x00, 0x1a, 0x02, 0x21, 0xc2, 0x02, 0xe0, 0x34, 0xc3, 0x01, 0x00,
  0x24, 0xc2, 0x48, 0x00, 0x2a, 0x03, 0x02, 0x70, 0xa0, 0x6f, 0x1a, 0x7b,
  0x32, 0xc9, 0x21, 0x00, 0x0e, 0x45, 0x10, 0x0a, 0x0a, 0x46, 0x06, 0x4b,
  0x20, 0x01, 0x40, 0x05, 0x52, 0xa9, 0x01, 0xc0, 0x00, 0x08, 0x43, 0x00,
  0x4b, 0xa0, 0x2b, 0xaa, 0x43, 0xc2, 0x00, 0x04, 0x47, 0xa2, 0x40, 0x02,
  0x21, 0xc0, 0x05, 0xe0, 0x2e, 0x62, 0x04, 0xc0, 0x00, 0x80, 0x02, 0x92,
  0x40, 0xc6, 0x00, 0xfc, 0x69, 0xd9, 0xe0, 0xff, 0x60, 0x00, 0x0f, 0x45,
  0x0b, 0x46, 0x07, 0x4b, 0x60, 0x6f, 0xbe, 0x10, 0x21, 0xc1, 0x03, 0xe0,
  0xc9, 0xd8, 0xe0, 0xff, 0x21, 0xc3, 0x03, 0xe0, 0x34, 0xc3, 0x20, 0x00,
  0x3a, 0x05, 0x21, 0xc3, 0x03, 0xe0, 0x34, 0xc3, 0x2c, 0x00, 0x3e, 0x06,
  0xd8, 0xbf, 0xff, 0x56, 0xd4, 0xbf, 0xfe, 0x56, 0xd0, 0xbf, 0x10, 0xa1,
  0x86, 0x62, 0x21, 0xc1, 0x03, 0xe0, 0x30, 0x12, 0x14, 0xc1, 0x24, 0x00,
  0x1a, 0x02, 0x21, 0xc2, 0x03, 0xe0, 0x24, 0xc2, 0x28, 0x00, 0x2a, 0x03,
  0x21, 0xc3, 0x03, 0xe0, 0x34, 0xc3, 0x2c, 0x00, 0x3e, 0x00, 0x02, 0x70,
  0xa0, 0x6f, 0x1a, 0x7b, 0x0e, 0x45, 0x0a, 0x46, 0x06, 0x47, 0xfa, 0x0b,
  0x10, 0x06, 0x20, 0x05, 0x17, 0xa2, 0x21, 0xc0, 0x04, 0x00, 0x10, 0x03,
  0x00, 0xc0, 0xd0, 0x00, 0x16, 0x63, 0x30, 0x90, 0x0e, 0x05, 0x00, 0xe5,
  0x51, 0x00, 0x5f, 0x03, 0x01, 0xc2, 0xff, 0x14, 0x34, 0xc1, 0x03, 0x00,
  0x25, 0xe1, 0x4e, 0x00, 0x5b, 0xc1, 0x03, 0x00, 0x34, 0x52, 0x25, 0xe1,
  0x49, 0x00, 0x69, 0x52, 0x35, 0xc3, 0x01, 0x00, 0x58, 0xc2, 0x03, 0x00,
  0x79, 0xa3, 0x0b, 0x51, 0xe9, 0xd8, 0xef, 0xff, 0x00, 0x51, 0x59, 0xdd,
  0x29, 0x00, 0x00, 0x07, 0x0c, 0x51, 0x79, 0xd8, 0xef, 0xff, 0x5e, 0xc0,
  0x04, 0x00, 0x5e, 0xc1, 0x08, 0x00, 0x50, 0xc2, 0x03, 0x00, 0x0f, 0x10,
  0x5d, 0x03, 0x5a, 0xc0, 0x0c, 0x00, 0x35, 0xc3, 0x01, 0x00, 0x11, 0xa3,
  0x0e, 0xa7, 0x0d, 0x51, 0x69, 0xdf, 0xee, 0xff, 0x70, 0x01, 0xd9, 0xdb,
  0x29, 0x00, 0x5d, 0x03, 0x35, 0xc3, 0x02, 0x00, 0x17, 0xa3, 0x5e, 0xc3,
  0x10, 0x00, 0x10, 0xa3, 0x0e, 0x51, 0x99, 0xde, 0xee, 0xff, 0x5e, 0xc2,
  0x10, 0x00, 0x60, 0x01, 0x61, 0xbf, 0x5c, 0xc3, 0x02, 0x00, 0x0f, 0x51,
  0x01, 0x56, 0x58, 0xc3, 0x03, 0x00, 0xd9, 0xdd, 0xee, 0xff, 0x60, 0x00,
  0x07, 0x47, 0x0b, 0x46, 0x0f, 0x45, 0xfe, 0x0b, 0x60, 0x6f, 0xbe, 0x10,
  0x00, 0x57, 0x96, 0xbf, 0xee, 0xa1, 0x62, 0x70, 0x00, 0x56, 0xe8, 0xbf,
  0x00, 0x56, 0xe4, 0xbf, 0xa0, 0x6f, 0x0a, 0x46, 0x1a, 0x7b, 0x10, 0x06,
  0x0e, 0x45, 0x06, 0x4b, 0x00, 0x70, 0x21, 0xc3, 0x04, 0x00, 0x30, 0xc3,
  0xd0, 0x00, 0x21, 0xc1, 0x00, 0x08, 0x3e, 0xc2, 0x08, 0x00, 0x21, 0xc5,
  0x04, 0x00, 0x11, 0x12, 0x0c, 0xa2, 0x3e, 0xc3, 0x08, 0x00, 0x35, 0xc3,
  0x00, 0x20, 0x1b, 0xa3, 0x01, 0x51, 0x39, 0xdb, 0xee, 0xff, 0x60, 0x01,
  0xc9, 0xde, 0xe7, 0xff, 0x00, 0x02, 0x0a, 0xa0, 0x24, 0xd1, 0x57, 0x04,
  0xe9, 0xd9, 0xf7, 0xff, 0x50, 0x06, 0x60, 0xc6, 0xd0, 0x00, 0x21, 0xc2,
  0x00, 0x08, 0x6e, 0xc3, 0x08, 0x00, 0x21, 0x13, 0x38, 0xa3, 0x6e, 0xc3,
  0x08, 0x00, 0x21, 0xc1, 0x01, 0x00, 0x11, 0x13, 0x2c, 0xa3, 0x02, 0x51,
  0x89, 0xd9, 0xee, 0xff, 0x6e, 0xc1, 0x08, 0x00, 0x6e, 0xc2, 0x08, 0x00,
  0x21, 0xc3, 0x04, 0x00, 0xc2, 0x61, 0x15, 0xc1, 0x07, 0x00, 0x3a, 0xc1,
  0x58, 0x5e, 0x25, 0xc2, 0xff, 0x00, 0x21, 0xc3, 0x01, 0x00, 0x30, 0x12,
  0x19, 0xda, 0x24, 0x00, 0x39, 0xde, 0x26, 0x00, 0x50, 0xc5, 0xd0, 0x00,
  0xac, 0xd3, 0x2a, 0x04, 0x2c, 0xd1, 0x57, 0x04, 0x00, 0x02, 0x99, 0xdc,
  0xea, 0xff, 0x5e, 0xc3, 0x08, 0x00, 0x21, 0xc1, 0x00, 0x08, 0x11, 0x13,
  0x1a, 0xa3, 0x5e, 0xc3, 0x08, 0x00, 0x35, 0xc3, 0x00, 0x08, 0x10, 0xa3,
  0x0a, 0x51, 0xd9, 0xde, 0xed, 0xff, 0x5e, 0xc2, 0x0c, 0x00, 0x00, 0x51,
  0x69, 0xbe, 0x03, 0x51, 0x69, 0xde, 0xed, 0xff, 0x01, 0x51, 0xd9, 0xda,
  0x28, 0x00, 0x21, 0xc3, 0x01, 0x00, 0x00, 0x52, 0x21, 0xc1, 0x30, 0x00,
  0xa9, 0xdf, 0xdd, 0xff, 0x04, 0x51, 0x99, 0xdd, 0xed, 0xff, 0x08, 0xd8,
  0x00, 0x04, 0x0b, 0x46, 0x0f, 0x45, 0x07, 0x4b, 0x60, 0x6f, 0xbe, 0x10,
  0x21, 0xc0, 0xc4, 0x38, 0x04, 0xc0, 0x00, 0x04, 0x01, 0x91, 0xe0, 0x6f,
  0x16, 0x61, 0x24, 0xa3, 0x1e, 0x00, 0x20, 0x10, 0x1a, 0x00, 0x11, 0x70,
  0x1e, 0x00, 0x06, 0x40, 0x10, 0xa4, 0x1e, 0xa3, 0x19, 0xe0, 0x03, 0x00,
  0x1e, 0x03, 0x21, 0x13, 0x31, 0xe2, 0x02, 0x00, 0x1e, 0x00, 0x20, 0x6f,
  0x02, 0x70, 0x1e, 0x09, 0x20, 0x00, 0x03, 0x10, 0x91, 0x10, 0xda, 0xbf,
  0x19, 0xe0, 0x03, 0x00, 0x1e, 0x03, 0x21, 0x13, 0x02, 0xa3, 0xe6, 0xbf,
  0x21, 0xc0, 0xc4, 0x38, 0x04, 0xc0, 0x00, 0x08, 0x01, 0x91, 0xe0, 0x6f,
  0x16, 0x61, 0x24, 0xa3, 0x1e, 0x00, 0x20, 0x10, 0x1a, 0x00, 0x11, 0x70,
  0x1e, 0x00, 0x06, 0x40, 0x10, 0xa4, 0x1e, 0xa3, 0x19, 0xe0, 0x03, 0x00,
  0x1e, 0x03, 0x21, 0x13, 0x31, 0xe2, 0x02, 0x00, 0x1e, 0x00, 0x20, 0x6f,
  0x02, 0x70, 0x1e, 0x09, 0x20, 0x00, 0x03, 0x10, 0x91, 0x10, 0xda, 0xbf,
  0x19, 0xe0, 0x03, 0x00, 0x1e, 0x03, 0x21, 0x13, 0x02, 0xa3, 0xe6, 0xbf,
  0x21, 0xc0, 0xc4, 0x38, 0x04, 0xc0, 0x00, 0x0c, 0x01, 0x91, 0x16, 0x61,
  0xe0, 0x6f, 0x1a, 0x02, 0x11, 0x70, 0x1e, 0x00, 0x06, 0x40, 0x0e, 0xa3,
  0x19, 0xe0, 0x03, 0x00, 0x00, 0x00, 0x1e, 0x03, 0x31, 0xe2, 0x02, 0x00,
  0x1e, 0x00, 0x20, 0x6f, 0x02, 0x70, 0x21, 0xc0, 0xc4, 0x38, 0x01, 0x91,
  0x16, 0x61, 0xe0, 0x6f, 0x1a, 0x02, 0x11, 0x70, 0x1e, 0x00, 0x06, 0x40,
  0x0e, 0xa3, 0x19, 0xe0, 0x03, 0x00, 0x00, 0x00, 0x1e, 0x03, 0x31, 0xe2,
  0x02, 0x00, 0x1e, 0x00, 0x20, 0x6f, 0x02, 0x70, 0x80, 0x6f, 0x12, 0x46,
  0x30, 0x06, 0x21, 0xc3, 0x10, 0xe3, 0x1a, 0x7b, 0x34, 0xc3, 0x24, 0x10,
  0x16, 0x45, 0x0e, 0x47, 0x0a, 0x48, 0x06, 0x4b, 0x3e, 0x03, 0x10, 0x07,
  0x20, 0x05, 0x35, 0xc3, 0x01, 0x00, 0x12, 0xa3, 0x4c, 0xd1, 0x57, 0x04,
  0xa9, 0xd9, 0xe9, 0xff, 0x01, 0x52, 0x01, 0x51, 0xd9, 0xd9, 0xe3, 0xff,
  0x78, 0xd1, 0x57, 0x04, 0x29, 0xd9, 0xe9, 0xff, 0x03, 0x53, 0x01, 0x52,
  0x00, 0x51, 0x09, 0xdb, 0xe4, 0xff, 0x94, 0xd1, 0x57, 0x04, 0x99, 0xd8,
  0xe9, 0xff, 0x03, 0x53, 0x01, 0x52, 0x01, 0x51, 0x79, 0xda, 0xe4, 0xff,
  0x00, 0x53, 0x01, 0x52, 0x02, 0x51, 0x29, 0xda, 0xe4, 0xff, 0x21, 0xc8,
  0x10, 0xe8, 0x81, 0xe7, 0x28, 0x00, 0x01, 0xc3, 0x00, 0x10, 0x80, 0x02,
  0xb0, 0xd1, 0x57, 0x04, 0x49, 0xdf, 0xe8, 0xff, 0x00, 0x53, 0x04, 0x52,
  0x03, 0x51, 0x29, 0xd9, 0xe4, 0xff, 0x01, 0xc3, 0x00, 0x10, 0x00, 0x52,
  0x80, 0x01, 0x89, 0xda, 0xdc, 0xff, 0x8e, 0x03, 0x1a, 0xa3, 0xd0, 0xd1,
  0x57, 0x04, 0x39, 0xde, 0xe8, 0xff, 0xff, 0x50, 0x0b, 0x48, 0x0f, 0x47,
  0x13, 0x46, 0x17, 0x45, 0x07, 0x4b, 0x20, 0x4f, 0xbe, 0x10, 0x01, 0xc3,
  0x00, 0x10, 0x70, 0x02, 0x80, 0x01, 0xb9, 0xdb, 0xdc, 0xff, 0xf0, 0xd1,
  0x57, 0x04, 0x19, 0xdd, 0xe8, 0xff, 0x53, 0xc5, 0x01, 0x00, 0x60, 0x02,
  0x1e, 0x62, 0x16, 0x65, 0x00, 0x53, 0x50, 0x12, 0x03, 0x51, 0xa9, 0xde,
  0xe3, 0xff, 0x00, 0xd1, 0x58, 0x04, 0x39, 0xdc, 0xe8, 0xff, 0x01, 0x53,
  0x00, 0x52, 0x00, 0x51, 0x19, 0xde, 0xe3, 0xff, 0x00, 0x50, 0xb6, 0xbf,
  0xf0, 0xcf, 0xd0, 0xff, 0x1a, 0x7b, 0x26, 0x45, 0x22, 0x46, 0x1e, 0x47,
  0x1a, 0x48, 0x16, 0x4b, 0x0e, 0x41, 0x20, 0x07, 0x30, 0x06, 0x40, 0x05,
  0x33, 0x48, 0x07, 0xa4, 0x01, 0xc5, 0x00, 0x10, 0x05, 0xa8, 0x10, 0x58,
  0x21, 0xc3, 0x10, 0xe8, 0x34, 0xc3, 0xc0, 0x0f, 0x21, 0xc2, 0x41, 0x57,
  0x3e, 0xc1, 0x04, 0x00, 0x24, 0xc2, 0x54, 0x49, 0x21, 0xe1, 0x38, 0x00,
  0x1c, 0xd1, 0x58, 0x04, 0x06, 0x43, 0x99, 0xd9, 0xe8, 0xff, 0x00, 0x59,
  0x82, 0x09, 0x07, 0x43, 0x39, 0xa0, 0x21, 0xc3, 0x10, 0xe8, 0x34, 0xc3,
  0xc0, 0x0f, 0x3e, 0xc2, 0x04, 0x00, 0x21, 0xc3, 0x41, 0x57, 0x34, 0xc3,
  0x54, 0x49, 0x31, 0xe2, 0x23, 0x00, 0x50, 0xd1, 0x58, 0x04, 0x59, 0xd8,
  0xe8, 0xff, 0x21, 0xc0, 0xad, 0xde, 0x04, 0xc0, 0xbe, 0xba, 0x1b, 0x48,
  0x1f, 0x47, 0x23, 0x46, 0x27, 0x45, 0x17, 0x4b, 0x30, 0x4f, 0xbe, 0x10,
  0x3e, 0xc1, 0x04, 0x00, 0x21, 0xc2, 0x41, 0x57, 0x24, 0xc2, 0x54, 0x49,
  0x21, 0xe1, 0xdf, 0xff, 0x01, 0xc2, 0xc8, 0x00, 0x50, 0x01, 0x0a, 0x49,
  0x06, 0x43, 0x79, 0xde, 0x23, 0x00, 0x0b, 0x49, 0x04, 0x69, 0xa2, 0xbf,
  0x21, 0xc3, 0x10, 0xe8, 0x34, 0xc3, 0xc0, 0x0f, 0x00, 0x52, 0x3a, 0xc2,
  0x0c, 0x00, 0x12, 0xa7, 0x21, 0xc1, 0x10, 0xe8, 0x10, 0x53, 0x70, 0x02,
  0x14, 0xc1, 0xd0, 0x0f, 0xe9, 0xdb, 0xdb, 0xff, 0x12, 0xa6, 0x21, 0xc1,
  0x10, 0xe8, 0x20, 0x53, 0x60, 0x02, 0x14, 0xc1, 0xe0, 0x0f, 0x59, 0xdb,
  0xdb, 0xff, 0x0f, 0x42, 0x21, 0xc3, 0x10, 0xe8, 0x34, 0xc3, 0xc0, 0x0f,
  0x21, 0xc1, 0x10, 0xe8, 0x38, 0xc2, 0x0f, 0x00, 0x14, 0xc1, 0xcf, 0x0f,
  0x00, 0x52, 0x10, 0x53, 0x09, 0xe3, 0x04, 0x00, 0x1c, 0x00, 0x04, 0x61,
  0x02, 0x92, 0x8d, 0x12, 0x21, 0xc6, 0x10, 0xe8, 0x64, 0xc6, 0xc0, 0x0f,
  0x68, 0xc2, 0x0e, 0x00, 0x00, 0x57, 0x01, 0xc2, 0x6e, 0x6a, 0x69, 0xc2,
  0x0c, 0x00, 0x82, 0x07, 0x21, 0xa0, 0x21, 0xc3, 0x10, 0xe8, 0x34, 0xc3,
  0xc0, 0x0f, 0x21, 0xc2, 0x4f, 0x44, 0x3e, 0xc1, 0x04, 0x00, 0x24, 0xc2,
  0x45, 0x4e, 0x21, 0xe1, 0x14, 0x00, 0x88, 0xd1, 0x58, 0x04, 0x34, 0xbf,
  0x6e, 0xc2, 0x04, 0x00, 0x21, 0xc3, 0x4f, 0x44, 0x34, 0xc3, 0x45, 0x4e,
  0x31, 0xe2, 0xeb, 0xff, 0x01, 0xc2, 0xc8, 0x00, 0x50, 0x01, 0xf9, 0xd8,
  0x23, 0x00, 0x04, 0x67, 0xc2, 0xbf, 0x00, 0x52, 0x3a, 0xc2, 0x0c, 0x00,
  0x3e, 0xc0, 0x08, 0x00, 0x16, 0xbf, 0x00, 0x00, 0xf0, 0xcf, 0xc8, 0xff,
  0x2a, 0x46, 0x15, 0xc6, 0xff, 0x00, 0x2e, 0x45, 0x22, 0x48, 0x1a, 0x7b,
  0x20, 0x05, 0x40, 0x08, 0x60, 0x02, 0xc0, 0xd1, 0x58, 0x04, 0x26, 0x47,
  0x1e, 0x4b, 0x30, 0x07, 0x89, 0xdf, 0xe6, 0xff, 0x21, 0xc3, 0x04, 0x00,
  0x30, 0xc3, 0x34, 0x5e, 0x47, 0x50, 0x3e, 0x02, 0x63, 0x00, 0x24, 0xc2,
  0x04, 0x00, 0x3a, 0x02, 0x04, 0xe0, 0x5e, 0x02, 0x60, 0x03, 0x16, 0x63,
  0x1c, 0xd0, 0x2f, 0x04, 0x30, 0x90, 0x0e, 0x03, 0x3e, 0x10, 0x00, 0x00,
  0x3c, 0x30, 0x04, 0x00, 0x70, 0x30, 0x04, 0x00, 0x94, 0x30, 0x04, 0x00,
  0xc0, 0x30, 0x04, 0x00, 0xd2, 0x30, 0x04, 0x00, 0xe4, 0x30, 0x04, 0x00,
  0xb0, 0x30, 0x04, 0x00, 0xfa, 0x30, 0x04, 0x00, 0x04, 0x31, 0x04, 0x00,
  0x1a, 0x31, 0x04, 0x00, 0x2c, 0x31, 0x04, 0x00, 0x40, 0x31, 0x04, 0x00,
  0x4c, 0x31, 0x04, 0x00, 0x6a, 0x31, 0x04, 0x00, 0x8c, 0x31, 0x04, 0x00,
  0x9e, 0x31, 0x04, 0x00, 0xb4, 0x31, 0x04, 0x00, 0xc2, 0x31, 0x04, 0x00,
  0xd4, 0x31, 0x04, 0x00, 0xe6, 0x31, 0x04, 0x00, 0x02, 0x32, 0x04, 0x00,
  0x14, 0x32, 0x04, 0x00, 0x26, 0x32, 0x04, 0x00, 0x38, 0x32, 0x04, 0x00,
  0x4a, 0x32, 0x04, 0x00, 0x6a, 0x32, 0x04, 0x00, 0x98, 0x32, 0x04, 0x00,
  0xbe, 0x32, 0x04, 0x00, 0xc4, 0x33, 0x04, 0x00, 0xc4, 0x33, 0x04, 0x00,
  0xc4, 0x33, 0x04, 0x00, 0xc4, 0x33, 0x04, 0x00, 0xc4, 0x33, 0x04, 0x00,
  0xc4, 0x33, 0x04, 0x00, 0xc4, 0x33, 0x04, 0x00, 0xc4, 0x33, 0x04, 0x00,
  0xc4, 0x33, 0x04, 0x00, 0xc4, 0x33, 0x04, 0x00, 0xc4, 0x33, 0x04, 0x00,
  0xc4, 0x33, 0x04, 0x00, 0xc4, 0x33, 0x04, 0x00, 0xc4, 0x33, 0x04, 0x00,
  0xc4, 0x33, 0x04, 0x00, 0xc4, 0x33, 0x04, 0x00, 0xc4, 0x33, 0x04, 0x00,
  0xc4, 0x33, 0x04, 0x00, 0xc4, 0x33, 0x04, 0x00, 0xc4, 0x33, 0x04, 0x00,
  0xc4, 0x33, 0x04, 0x00, 0xc4, 0x33, 0x04, 0x00, 0xc4, 0x33, 0x04, 0x00,
  0xc4, 0x33, 0x04, 0x00, 0xc4, 0x33, 0x04, 0x00, 0xc4, 0x33, 0x04, 0x00,
  0xc4, 0x33, 0x04, 0x00, 0xc4, 0x33, 0x04, 0x00, 0xc4, 0x33, 0x04, 0x00,
  0xc4, 0x33, 0x04, 0x00, 0xc4, 0x33, 0x04, 0x00, 0xc4, 0x33, 0x04, 0x00,
  0xc4, 0x33, 0x04, 0x00, 0xc4, 0x33, 0x04, 0x00, 0xc4, 0x33, 0x04, 0x00,
  0xc4, 0x33, 0x04, 0x00, 0xce, 0x32, 0x04, 0x00, 0xde, 0x32, 0x04, 0x00,
  0xf0, 0x32, 0x04, 0x00, 0x0c, 0x33, 0x04, 0x00, 0x44, 0x33, 0x04, 0x00,
  0x70, 0x33, 0x04, 0x00, 0x96, 0x33, 0x04, 0x00, 0xa8, 0x33, 0x04, 0x00,
  0x39, 0xde, 0x21, 0x00, 0x21, 0xc3, 0x04, 0x00, 0x30, 0xc3, 0x34, 0x5e,
  0xfb, 0x51, 0x3e, 0x02, 0x11, 0x12, 0x3a, 0x02, 0xfc, 0xd1, 0x58, 0x04,
  0x00, 0x02, 0x16, 0x40, 0x49, 0xdc, 0xe5, 0xff, 0x17, 0x40, 0x23, 0x48,
  0x27, 0x47, 0x5a, 0x00, 0x1f, 0x4b, 0x60, 0x00, 0x2f, 0x45, 0x2b, 0x46,
  0x38, 0x4f, 0xbe, 0x10, 0x5e, 0xc2, 0x08, 0x00, 0x08, 0xe2, 0x0c, 0x00,
  0x21, 0xc1, 0xff, 0x7f, 0x14, 0xc1, 0xff, 0xff, 0x11, 0x12, 0x5e, 0x01,
  0x00, 0x56, 0x49, 0xdb, 0xf8, 0xff, 0xb6, 0xbf, 0x5e, 0x03, 0x00, 0x56,
  0x3e, 0x00, 0xae, 0xbf, 0x5e, 0xc3, 0x08, 0x00, 0x5e, 0xc2, 0x04, 0x00,
  0x08, 0xe3, 0x0d, 0x00, 0x21, 0xc1, 0xff, 0x7f, 0x14, 0xc1, 0xff, 0xff,
  0x11, 0x13, 0x5e, 0x01, 0xc9, 0xdb, 0xf8, 0xff, 0x00, 0x56, 0x00, 0x50,
  0x8c, 0xbf, 0x5e, 0x03, 0x00, 0x56, 0x00, 0x50, 0x3a, 0x02, 0x82, 0xbf,
  0x5e, 0xc3, 0x08, 0x00, 0x5c, 0xc2, 0x04, 0x00, 0x5e, 0x01, 0x00, 0x56,
  0xa9, 0xdd, 0xd8, 0xff, 0x70, 0xbf, 0x5e, 0xc3, 0x08, 0x00, 0x5e, 0xc2,
  0x04, 0x00, 0x5e, 0x01, 0x00, 0x56, 0x79, 0xde, 0xd8, 0xff, 0x5e, 0xbf,
  0x5e, 0x03, 0x8e, 0xc0, 0x04, 0x00, 0x00, 0x56, 0x8a, 0xc3, 0x04, 0x00,
  0x5e, 0xc3, 0x04, 0x00, 0x8a, 0xc3, 0x08, 0x00, 0x48, 0xbf, 0x5e, 0x03,
  0x8e, 0x00, 0x00, 0x56, 0x8a, 0x03, 0x3e, 0xbf, 0x5e, 0xc3, 0x08, 0x00,
  0x5e, 0xc2, 0x04, 0x00, 0x5e, 0x01, 0x20, 0x54, 0x00, 0x56, 0x59, 0xd8,
  0xe8, 0xff, 0x00, 0x50, 0x28, 0xbf, 0x5e, 0xc3, 0x08, 0x00, 0x5e, 0xc2,
  0x04, 0x00, 0x5e, 0x01, 0x00, 0x56, 0xc9, 0xd9, 0xd8, 0xff, 0x16, 0xbf,
  0x5e, 0xc3, 0x08, 0x00, 0x5e, 0xc2, 0x04, 0x00, 0x5e, 0x01, 0x00, 0x56,
  0x59, 0xde, 0xdc, 0xff, 0x00, 0x50, 0x02, 0xbf, 0x5e, 0x01, 0x00, 0x56,
  0x19, 0xdb, 0xf1, 0xff, 0x00, 0x50, 0xf6, 0xbe, 0x5e, 0x03, 0x14, 0xa3,
  0x5e, 0xc3, 0x04, 0x00, 0x06, 0xa3, 0xb9, 0xdd, 0x20, 0x00, 0x10, 0x70,
  0x00, 0x56, 0x00, 0x50, 0xe0, 0xbe, 0x00, 0x70, 0x00, 0x56, 0x00, 0x50,
  0xd8, 0xbe, 0x00, 0x53, 0x0e, 0x43, 0x0a, 0x43, 0x5e, 0xc3, 0x04, 0x00,
  0x5e, 0xc4, 0x08, 0x00, 0x01, 0x52, 0x06, 0x43, 0x5e, 0x03, 0x00, 0x51,
  0x00, 0x56, 0xfa, 0x03, 0x01, 0x53, 0x79, 0xdc, 0xd4, 0xff, 0xb6, 0xbe,
  0x5e, 0xc3, 0x08, 0x00, 0x5e, 0xc2, 0x04, 0x00, 0x5e, 0x01, 0x00, 0x56,
  0xa9, 0xde, 0xd1, 0xff, 0xa4, 0xbe, 0x5e, 0x03, 0x8e, 0xc0, 0x0c, 0x00,
  0x00, 0x56, 0x8a, 0xc3, 0x0c, 0x00, 0x5e, 0xc3, 0x04, 0x00, 0x8a, 0xc3,
  0x10, 0x00, 0x8e, 0xbe, 0x5e, 0xc2, 0x04, 0x00, 0x5e, 0x01, 0x00, 0x56,
  0x39, 0xda, 0xe9, 0xff, 0x80, 0xbe, 0x5e, 0xc3, 0x08, 0x00, 0x5e, 0xc2,
  0x04, 0x00, 0x5e, 0x01, 0x00, 0x56, 0xc9, 0xda, 0xdf, 0xff, 0x6e, 0xbe,
  0x00, 0x53, 0xfa, 0x03, 0x00, 0x54, 0x50, 0x02, 0x05, 0x51, 0x79, 0xdc,
  0xfb, 0xff, 0x00, 0x56, 0x5c, 0xbe, 0x5e, 0x03, 0x5e, 0xc1, 0x04, 0x00,
  0x0e, 0xa3, 0x5e, 0xc2, 0x08, 0x00, 0x00, 0x56, 0x29, 0xdb, 0x1a, 0x00,
  0x48, 0xbe, 0x09, 0xdf, 0x19, 0x00, 0x00, 0x56, 0x40, 0xbe, 0x5e, 0xc3,
  0x08, 0x00, 0x5e, 0xc2, 0x04, 0x00, 0x5e, 0x01, 0x00, 0x56, 0x39, 0xde,
  0x1a, 0x00, 0x2e, 0xbe, 0x5e, 0xc3, 0x08, 0x00, 0x5e, 0xc2, 0x04, 0x00,
  0x5e, 0x01, 0x00, 0x56, 0x29, 0xd8, 0x1b, 0x00, 0x1c, 0xbe, 0x5e, 0xc3,
  0x08, 0x00, 0x5e, 0xc2, 0x04, 0x00, 0x5e, 0x01, 0x00, 0x56, 0x19, 0xda,
  0x1b, 0x00, 0x0a, 0xbe, 0x5e, 0xc3, 0x08, 0x00, 0x5e, 0xc2, 0x04, 0x00,
  0x5e, 0x01, 0x00, 0x56, 0x09, 0xdc, 0x1b, 0x00, 0xf8, 0xbd, 0x5e, 0x02,
  0x21, 0xc3, 0x04, 0x00, 0x30, 0xc3, 0xd0, 0x00, 0x21, 0xc1, 0x00, 0x08,
  0x21, 0x11, 0x3e, 0xc0, 0x08, 0x00, 0x00, 0xe1, 0xb1, 0x00, 0x3a, 0xc2,
  0x08, 0x00, 0x00, 0x56, 0xd8, 0xbd, 0x21, 0xc3, 0x04, 0x00, 0x30, 0xc3,
  0xd0, 0x00, 0x3e, 0xc2, 0x0c, 0x00, 0x00, 0xe2, 0xa7, 0x00, 0x3e, 0xc2,
  0x0c, 0x00, 0x2e, 0xc2, 0x04, 0x00, 0x00, 0xe2, 0xa1, 0x00, 0x3e, 0xc3,
  0x0c, 0x00, 0x5e, 0x01, 0x00, 0x52, 0x00, 0x56, 0x3e, 0xc0, 0x04, 0x00,
  0x0f, 0x10, 0xaa, 0xbd, 0x21, 0xc3, 0x04, 0x00, 0x30, 0xc3, 0xd0, 0x00,
  0x3e, 0xc2, 0x0c, 0x00, 0x00, 0xe2, 0x90, 0x00, 0x3e, 0xc1, 0x0c, 0x00,
  0x5e, 0xc4, 0x08, 0x00, 0x5e, 0xc3, 0x04, 0x00, 0x5e, 0x02, 0x00, 0x56,
  0xa9, 0xd8, 0xdf, 0xff, 0x84, 0xbd, 0x5e, 0xc2, 0x04, 0x00, 0x5e, 0x01,
  0x00, 0x56, 0x49, 0xd9, 0xdd, 0xff, 0x00, 0x50, 0x74, 0xbd, 0x5e, 0xc3,
  0x04, 0x00, 0x5e, 0x01, 0x70, 0x02, 0x00, 0x56, 0xa9, 0xde, 0xd6, 0xff,
  0x64, 0xbd, 0x5e, 0xc3, 0x04, 0x00, 0x5e, 0x02, 0x70, 0x01, 0x39, 0xde,
  0xd6, 0xff, 0x5b, 0xc6, 0x04, 0x00, 0x52, 0xbd, 0x5e, 0x06, 0xd4, 0xd1,
  0x58, 0x04, 0x60, 0x02, 0x49, 0xdf, 0xe2, 0xff, 0x5e, 0xc2, 0x08, 0x00,
  0x5e, 0xc1, 0x04, 0x00, 0x70, 0x03, 0x6f, 0x10, 0x00, 0x56, 0x36, 0xbd,
  0x5e, 0x06, 0xe8, 0xd1, 0x58, 0x04, 0x60, 0x02, 0x69, 0xde, 0xe2, 0xff,
  0x7e, 0xc3, 0x14, 0x00, 0x7e, 0xc4, 0x04, 0x00, 0x5e, 0xc2, 0x08, 0x00,
  0x0e, 0x43, 0x7e, 0xc3, 0x10, 0x00, 0x5e, 0xc1, 0x04, 0x00, 0x0a, 0x43,
  0x7e, 0xc3, 0x0c, 0x00, 0x06, 0x43, 0x7e, 0xc3, 0x08, 0x00, 0xfa, 0x03,
  0x7e, 0x03, 0x6f, 0x10, 0x00, 0x56, 0xfe, 0xbc, 0x7e, 0xc3, 0x10, 0x00,
  0x7e, 0x04, 0x5e, 0xc2, 0x04, 0x00, 0x0e, 0x43, 0x7e, 0xc3, 0x0c, 0x00,
  0x5e, 0x01, 0x00, 0x56, 0x0a, 0x43, 0x7e, 0xc3, 0x08, 0x00, 0x06, 0x43,
  0x7e, 0xc3, 0x04, 0x00, 0xfa, 0x03, 0x5e, 0xc3, 0x08, 0x00, 0x59, 0xdd,
  0xd2, 0xff, 0xd2, 0xbc, 0x7e, 0xc3, 0x0c, 0x00, 0x7e, 0x04, 0x5e, 0xc2,
  0x04, 0x00, 0x0a, 0x43, 0x7e, 0xc3, 0x08, 0x00, 0x5e, 0x01, 0x00, 0x56,
  0x06, 0x43, 0x7e, 0xc3, 0x04, 0x00, 0xfa, 0x03, 0x5e, 0xc3, 0x08, 0x00,
  0xa9, 0xd8, 0xd0, 0xff, 0xac, 0xbc, 0x5e, 0xc3, 0x08, 0x00, 0x5e, 0xc2,
  0x04, 0x00, 0x5e, 0x01, 0x00, 0x56, 0x19, 0xdf, 0xf8, 0xff, 0x9a, 0xbc,
  0x5e, 0xc3, 0x08, 0x00, 0x5e, 0xc4, 0x04, 0x00, 0x5e, 0x01, 0xfa, 0x03,
  0x70, 0x02, 0x00, 0x53, 0xa9, 0xdd, 0xf9, 0xff, 0x00, 0x56, 0x82, 0xbc,
  0x00, 0x56, 0x7e, 0xbc, 0x00, 0x56, 0xff, 0x50, 0x78, 0xbc, 0xf0, 0xcf,
  0xb0, 0xff, 0x1a, 0x7b, 0x46, 0x45, 0x3e, 0x47, 0x08, 0x45, 0x10, 0x07,
  0x24, 0x51, 0x36, 0x4b, 0x42, 0x46, 0x3a, 0x48, 0x29, 0xdb, 0xe5, 0xff,
  0x28, 0x53, 0x00, 0x52, 0x50, 0x01, 0xb9, 0xdc, 0xd5, 0xff, 0x10, 0x53,
  0x00, 0x52, 0x50, 0x01, 0xe9, 0xd8, 0xf4, 0xff, 0x23, 0x51, 0x59, 0xda,
  0xe5, 0xff, 0xff, 0xc2, 0x08, 0x00, 0x0b, 0xd3, 0xeb, 0x00, 0x35, 0xe2,
  0x72, 0x00, 0xfc, 0xc3, 0x0b, 0x00, 0x0c, 0xe3, 0x6e, 0x00, 0x50, 0x08,
  0x50, 0x06, 0x00, 0x53, 0x0c, 0x52, 0x09, 0xe2, 0x05, 0x00, 0x6c, 0xc1,
  0x03, 0x00, 0x04, 0x66, 0x13, 0x93, 0x8d, 0x13, 0xfb, 0xc2, 0x0a, 0x00,
  0x35, 0xe2, 0x5f, 0x00, 0x24, 0x51, 0x99, 0xd8, 0xe5, 0xff, 0xfc, 0xc3,
  0x0b, 0x00, 0x35, 0xc3, 0x40, 0x00, 0x0c, 0xa3, 0x18, 0x53, 0x10, 0x52,
  0x18, 0x41, 0x59, 0xde, 0xf3, 0xff, 0x25, 0x51, 0xc9, 0xdf, 0xe4, 0xff,
  0xfc, 0xc1, 0x0b, 0x00, 0x18, 0x43, 0x0c, 0x42, 0x70, 0x04, 0x77, 0xba,
  0xfc, 0xc2, 0x0b, 0x00, 0x80, 0x51, 0x05, 0xc3, 0xff, 0x00, 0x10, 0x12,
  0xf8, 0xc2, 0x0b, 0x00, 0x00, 0x52, 0xf8, 0xc2, 0x0a, 0x00, 0x50, 0x02,
  0x64, 0x02, 0x23, 0x12, 0x09, 0xe2, 0x07, 0x00, 0x8c, 0xc0, 0x03, 0x00,
  0xfc, 0xc1, 0x0a, 0x00, 0x04, 0x68, 0x01, 0x91, 0xf8, 0xc1, 0x0a, 0x00,
  0x22, 0x51, 0x06, 0x43, 0xa9, 0xdd, 0xe4, 0xff, 0x7e, 0xc1, 0x08, 0x00,
  0x01, 0xc2, 0xc8, 0x00, 0xe9, 0xd9, 0x1d, 0x00, 0x26, 0x51, 0x19, 0xdd,
  0xe4, 0xff, 0x7e, 0x02, 0x07, 0x43, 0x26, 0xa2, 0x01, 0x54, 0x40, 0x63,
  0x00, 0x52, 0x50, 0x01, 0xe9, 0xda, 0xf2, 0xff, 0xfb, 0xc0, 0x0b, 0x00,
  0x00, 0xc0, 0x7a, 0xff, 0x0d, 0x60, 0x3b, 0x48, 0x3f, 0x47, 0x43, 0x46,
  0x47, 0x45, 0x37, 0x4b, 0x50, 0x4f, 0xbe, 0x10, 0x0c, 0x41, 0x00, 0x54,
  0x30, 0x63, 0x04, 0x52, 0xc9, 0xd9, 0xf2, 0xff, 0x00, 0x54, 0x04, 0x53,
  0x00, 0x52, 0x50, 0x01, 0x69, 0xd9, 0xf2, 0xff, 0xd0, 0xbf, 0x00, 0x50,
  0xd6, 0xbf, 0xf0, 0xcf, 0xa8, 0xff, 0x1a, 0x7b, 0x4e, 0x45, 0x04, 0x53,
  0x10, 0x05, 0x00, 0x52, 0x04, 0x41, 0x4a, 0x4b, 0x09, 0xdc, 0xd4, 0xff,
  0x40, 0x53, 0x00, 0x52, 0x08, 0x41, 0xb9, 0xdb, 0xd4, 0xff, 0x24, 0x51,
  0xa9, 0xd9, 0xe4, 0xff, 0x10, 0xd2, 0x59, 0x04, 0x07, 0x51, 0x69, 0xdb,
  0x1b, 0x00, 0x5e, 0xc4, 0x10, 0x00, 0x04, 0x53, 0x04, 0x42, 0x07, 0x51,
  0x29, 0xdf, 0x1b, 0x00, 0x08, 0xe0, 0x07, 0x00, 0x00, 0x50, 0x4f, 0x45,
  0x4b, 0x4b, 0x58, 0x4f, 0xbe, 0x10, 0x23, 0x51, 0x49, 0xd8, 0xe4, 0xff,
  0xfb, 0xc2, 0x04, 0x00, 0x26, 0x53, 0x35, 0xe2, 0x0b, 0x00, 0xfb, 0xc3,
  0x06, 0x00, 0xfb, 0xc2, 0x05, 0x00, 0xfb, 0xc1, 0x07, 0x00, 0x32, 0x92,
  0x21, 0xe1, 0x17, 0x00, 0x22, 0x51, 0x39, 0xdf, 0xe3, 0xff, 0x5e, 0xc1,
  0x08, 0x00, 0x01, 0xc2, 0xc8, 0x00, 0x79, 0xdb, 0x1c, 0x00, 0x26, 0x51,
  0xa9, 0xde, 0xe3, 0xff, 0x18, 0xd2, 0x59, 0x04, 0x07, 0x51, 0x69, 0xd8,
  0x1b, 0x00, 0x07, 0x51, 0xd9, 0xde, 0x1a, 0x00, 0xac, 0xbf, 0xfc, 0x63,
  0x8d, 0x13, 0x33, 0xc3, 0x40, 0x00, 0x47, 0xa3, 0x25, 0x51, 0x99, 0xdd,
  0xe3, 0xff, 0xfc, 0xc1, 0x05, 0x00, 0x50, 0x04, 0x14, 0x43, 0x08, 0x42,
  0x31, 0xb9, 0x22, 0x51, 0x09, 0xdd, 0xe3, 0xff, 0x5e, 0xc1, 0x08, 0x00,
  0x01, 0xc2, 0xc8, 0x00, 0x49, 0xd9, 0x1c, 0x00, 0x26, 0x51, 0x79, 0xdc,
  0xe3, 0xff, 0x0b, 0x42, 0x20, 0xd1, 0x59, 0x04, 0x09, 0xd9, 0xe0, 0xff,
  0x07, 0x51, 0xa9, 0xdc, 0x1a, 0x00, 0xfb, 0xc0, 0x05, 0x00, 0xe8, 0x60,
  0x0d, 0x60, 0x60, 0xbf, 0x22, 0x51, 0x79, 0xdb, 0xe3, 0xff, 0x5e, 0xc1,
  0x08, 0x00, 0x01, 0xc2, 0xc8, 0x00, 0xb9, 0xdf, 0x1b, 0x00, 0x24, 0x51,
  0xe9, 0xda, 0xe3, 0xff, 0x07, 0x51, 0x69, 0xdb, 0x1a, 0x00, 0x28, 0xd2,
  0x59, 0x04, 0x07, 0x51, 0x79, 0xdc, 0x1a, 0x00, 0x5e, 0xc4, 0x10, 0x00,
  0xfb, 0xc3, 0x06, 0x00, 0x08, 0x42, 0x07, 0x51, 0x29, 0xd8, 0x1b, 0x00,
  0x08, 0xe0, 0xc2, 0xff, 0x20, 0xbf, 0xf0, 0xcf, 0xd0, 0xff, 0x22, 0x46,
  0x21, 0xc6, 0x04, 0x00, 0x1a, 0x7b, 0x60, 0xc6, 0x34, 0x5e, 0x00, 0x53,
  0x26, 0x45, 0x1e, 0x47, 0x1a, 0x4b, 0x06, 0x43, 0x12, 0x43, 0x16, 0x43,
  0x6e, 0x03, 0x01, 0xc2, 0x00, 0x10, 0x01, 0xc1, 0x80, 0x00, 0x0a, 0x42,
  0x0e, 0x41, 0x21, 0xc5, 0x04, 0x00, 0x08, 0xe3, 0x0d, 0x00, 0x6e, 0x02,
  0x30, 0xd1, 0x59, 0x04, 0xa9, 0xdc, 0xdf, 0xff, 0x1f, 0x47, 0x23, 0x46,
  0x27, 0x45, 0x1b, 0x4b, 0x30, 0x4f, 0xbe, 0x10, 0x58, 0xd1, 0x59, 0x04,
  0x09, 0xdc, 0xdf, 0xff, 0x6e, 0x03, 0x34, 0xc3, 0x01, 0x00, 0x6a, 0x03,
  0x13, 0x43, 0x08, 0xa3, 0x07, 0x51, 0x49, 0xdf, 0x19, 0x00, 0x22, 0x51,
  0x69, 0xde, 0xe2, 0xff, 0x0b, 0x41, 0x01, 0xc2, 0xc8, 0x00, 0xb9, 0xda,
  0x1b, 0x00, 0x5e, 0xc3, 0x34, 0x5e, 0x21, 0xc2, 0x80, 0x00, 0x21, 0x13,
  0x62, 0xa3, 0x5e, 0xc3, 0x34, 0x5e, 0x28, 0x51, 0x01, 0xc6, 0xc8, 0x00,
  0x34, 0xc3, 0x02, 0x00, 0x5a, 0xc3, 0x34, 0x5e, 0x09, 0xdd, 0xe2, 0xff,
  0x7c, 0xd1, 0x59, 0x04, 0xa9, 0xd9, 0xdf, 0xff, 0x28, 0x51, 0x99, 0xdc,
  0xe2, 0xff, 0x60, 0x02, 0x01, 0xc1, 0x00, 0x28, 0xe9, 0xd8, 0x1b, 0x00,
  0x29, 0x51, 0x19, 0xdc, 0xe2, 0xff, 0x60, 0x02, 0x01, 0xc1, 0x00, 0x28,
  0x69, 0xd8, 0x1b, 0x00, 0x5e, 0xc3, 0x34, 0x5e, 0x21, 0xc2, 0x80, 0x00,
  0x50, 0x07, 0x21, 0x13, 0x70, 0xc7, 0x34, 0x5e, 0xd1, 0xa3, 0x90, 0xd1,
  0x59, 0x04, 0xd9, 0xdf, 0xde, 0xff, 0x7e, 0x03, 0xfd, 0x52, 0x21, 0x13,
  0x7a, 0x03, 0x13, 0x43, 0x27, 0xa3, 0x04, 0x41, 0xd3, 0xbc, 0x28, 0xa0,
  0x50, 0xc5, 0x34, 0x5e, 0x01, 0xc2, 0x00, 0xff, 0x5e, 0x03, 0xa8, 0xd1,
  0x59, 0x04, 0x21, 0x13, 0x5a, 0x03, 0x99, 0xde, 0xde, 0xff, 0x27, 0x51,
  0x89, 0xd9, 0xe2, 0xff, 0x38, 0xbf, 0x04, 0x41, 0xd3, 0xbd, 0xd8, 0xa0,
  0xdc, 0xbf, 0x5e, 0xc3, 0x34, 0x5e, 0x35, 0xc3, 0x00, 0x80, 0x00, 0xe3,
  0xa6, 0xff, 0xce, 0xbf, 0x21, 0xc3, 0xff, 0xfd, 0x34, 0xc3, 0x08, 0xe0,
  0x31, 0x11, 0x00, 0x50, 0x1e, 0xa1, 0x01, 0x59, 0x1f, 0x53, 0x09, 0xe3,
  0x05, 0x00, 0x90, 0x02, 0x0e, 0x22, 0x11, 0x12, 0x05, 0xa2, 0x04, 0x60,
  0x21, 0xc3, 0x32, 0x80, 0x34, 0xc3, 0x00, 0x01, 0x30, 0x90, 0x02, 0x70,
  0x40, 0xa3, 0x20, 0x00, 0x1a, 0x60, 0x11, 0x90, 0x25, 0xc0, 0x07, 0x00,
  0x01, 0x52, 0x00, 0x59, 0x0e, 0x22, 0x01, 0x5b, 0x00, 0x50, 0xfc, 0x63,
  0x09, 0xe3, 0x0c, 0x00, 0x1b, 0x0a, 0x21, 0x1a, 0x16, 0xaa, 0xb0, 0x0a,
  0x9e, 0x2a, 0x25, 0xc2, 0x7f, 0x00, 0xa0, 0x10, 0x0e, 0xa2, 0x0e, 0x62,
  0x04, 0x69, 0x00, 0x00, 0x02, 0x70, 0x00, 0x5a, 0xee, 0xbf, 0x04, 0x61,
  0x01, 0x52, 0xf2, 0xbf, 0x00, 0x50, 0x02, 0x70, 0x80, 0x6f, 0x1a, 0x7b,
  0x12, 0x46, 0x16, 0x45, 0x0e, 0x47, 0x0a, 0x48, 0x06, 0x4b, 0x30, 0x06,
  0x1e, 0xc3, 0x08, 0x00, 0x1e, 0xc5, 0x18, 0x00, 0x1e, 0xc9, 0x04, 0x00,
  0x31, 0xf2, 0x06, 0x00, 0x00, 0x51, 0x07, 0x53, 0x09, 0xe3, 0x05, 0x00,
  0x90, 0x00, 0x1c, 0x20, 0x03, 0x02, 0x04, 0xa0, 0x04, 0x61, 0x00, 0x53,
  0x59, 0xc3, 0x2c, 0x00, 0x5d, 0xc3, 0x2c, 0x00, 0x01, 0xc2, 0x80, 0x00,
  0x0b, 0x57, 0x1e, 0x22, 0x01, 0xc1, 0x00, 0xff, 0x11, 0x12, 0x34, 0xc3,
  0x01, 0x00, 0x30, 0x12, 0xad, 0x12, 0x01, 0xc8, 0xe8, 0x03, 0x59, 0xc2,
  0x2c, 0x00, 0x5d, 0xc3, 0x2c, 0x00, 0x35, 0xc3, 0x02, 0x00, 0x36, 0xa3,
  0x5d, 0xc2, 0x2c, 0x00, 0xad, 0x12, 0x24, 0xc2, 0x04, 0x00, 0x59, 0xc2,
  0x2c, 0x00, 0x5c, 0xc3, 0x28, 0x00, 0x1b, 0xa6, 0x35, 0xc3, 0xfb, 0x00,
  0x00, 0x50, 0x58, 0xc3, 0x28, 0x00, 0x0b, 0x48, 0x0f, 0x47, 0x13, 0x46,
  0x17, 0x45, 0x07, 0x4b, 0x20, 0x4f, 0xbe, 0x10, 0x8d, 0x13, 0x34, 0xc3,
  0x04, 0x00, 0xe6, 0xbf, 0xfc, 0x67, 0x0a, 0xa7, 0x80, 0x01, 0xf9, 0xd9,
  0x1b, 0x00, 0xb8, 0xbf, 0x21, 0xc0, 0x32, 0x80, 0x04, 0xc0, 0x02, 0x00,
  0xd6, 0xbf, 0x4e, 0xa2, 0x1d, 0xc0, 0x36, 0x00, 0x00, 0x53, 0x19, 0xc3,
  0x36, 0x00, 0x05, 0xc9, 0xff, 0xff, 0x19, 0xe0, 0x04, 0x00, 0x1d, 0xc3,
  0x36, 0x00, 0xad, 0x13, 0x02, 0xa3, 0x25, 0xc3, 0x0f, 0x00, 0x31, 0xa3,
  0x25, 0xc2, 0x70, 0x00, 0x43, 0xa2, 0x1d, 0xc3, 0x32, 0x00, 0x19, 0xc3,
  0x32, 0x00, 0x19, 0xe0, 0x04, 0x00, 0x1d, 0xc3, 0x32, 0x00, 0xad, 0x13,
  0x02, 0xa3, 0x19, 0xc0, 0x36, 0x00, 0x19, 0xe0, 0x04, 0x00, 0x1d, 0xc3,
  0x36, 0x00, 0xad, 0x13, 0x31, 0xe9, 0x02, 0x00, 0x02, 0x70, 0x02, 0x53,
  0x10, 0xca, 0x2f, 0x00, 0x18, 0xc3, 0x2f, 0x00, 0x19, 0xe0, 0x03, 0x00,
  0xac, 0x03, 0x35, 0xc3, 0x02, 0x00, 0x02, 0xa3, 0xbc, 0xbf, 0x04, 0x53,
  0x10, 0xc2, 0x2f, 0x00, 0x18, 0xc3, 0x2f, 0x00, 0x19, 0xe0, 0x03, 0x00,
  0x2c, 0x03, 0x35, 0xc3, 0x04, 0x00, 0x02, 0xa3, 0xaa, 0xbf, 0xc0, 0x6f,
  0x0e, 0x45, 0x0a, 0x46, 0x06, 0x47, 0x1e, 0xc9, 0x10, 0x00, 0x22, 0xa9,
  0x1e, 0xc0, 0x14, 0x00, 0x27, 0xa0, 0x25, 0xc2, 0x02, 0x00, 0x16, 0xa2,
  0x9e, 0xc3, 0x04, 0x00, 0x35, 0xc2, 0x08, 0x00, 0x0c, 0xa2, 0x21, 0xc0,
  0x00, 0x80, 0x00, 0x13, 0x9a, 0xc3, 0x04, 0x00, 0x07, 0x47, 0x0b, 0x46,
  0x0f, 0x45, 0x40, 0x6f, 0x02, 0x70, 0x04, 0xe3, 0xd5, 0x00, 0x25, 0xc3,
  0x20, 0x00, 0x4c, 0xa3, 0x9e, 0xc3, 0x04, 0x00, 0x01, 0xc0, 0x00, 0x01,
  0x35, 0xc3, 0x00, 0x07, 0x05, 0xe3, 0x1f, 0x00, 0x9e, 0xc3, 0x28, 0x00,
  0x1c, 0xe3, 0x1b, 0x00, 0x9e, 0xcc, 0x20, 0x00, 0xfc, 0x63, 0x1e, 0xcb,
  0x18, 0x00, 0x9a, 0xc3, 0x28, 0x00, 0x19, 0xe0, 0x04, 0x00, 0xbe, 0xc3,
  0x24, 0x00, 0x35, 0xc3, 0x00, 0x08, 0x03, 0xa3, 0x9e, 0xc3, 0x24, 0x00,
  0x18, 0xe3, 0x44, 0x00, 0x9e, 0xc3, 0x20, 0x00, 0x9e, 0xc0, 0x24, 0x00,
  0x03, 0x93, 0x9a, 0xc3, 0x20, 0x00, 0x25, 0xc3, 0x10, 0x00, 0x4c, 0xa3,
  0x9e, 0xc3, 0x04, 0x00, 0x01, 0xc0, 0x00, 0x02, 0x35, 0xc3, 0x00, 0x07,
  0x05, 0xe3, 0x1f, 0x00, 0x9e, 0xc3, 0x28, 0x00, 0x1c, 0xe3, 0x1b, 0x00,
  0x9e, 0xc4, 0x20, 0x00, 0xfc, 0x63, 0x1e, 0xcc, 0x18, 0x00, 0x9a, 0xc3,
  0x28, 0x00, 0x19, 0xe0, 0x04, 0x00, 0xce, 0xc3, 0x24, 0x00, 0x35, 0xc3,
  0x00, 0x04, 0x03, 0xa3, 0x9e, 0xc3, 0x24, 0x00, 0x18, 0xe3, 0x54, 0x00,
  0x9e, 0xc3, 0x20, 0x00, 0x9e, 0xc0, 0x24, 0x00, 0x03, 0x93, 0x9a, 0xc3,
  0x20, 0x00, 0x25, 0xc2, 0x02, 0x00, 0x00, 0xe2, 0xa7, 0xff, 0x1c, 0xc3,
  0x0f, 0x00, 0x8d, 0x13, 0x10, 0xa3, 0x9e, 0xc3, 0x04, 0x00, 0x21, 0xc2,
  0x00, 0x80, 0x20, 0x13, 0x9a, 0xc3, 0x04, 0x00, 0x00, 0x53, 0x1a, 0xc3,
  0x14, 0x00, 0x2e, 0xbf, 0x00, 0x53, 0xc5, 0xc4, 0x03, 0x00, 0x9e, 0xc0,
  0x24, 0x00, 0x30, 0x0a, 0x34, 0x00, 0x14, 0xe0, 0x0c, 0x00, 0xbc, 0xc5,
  0x20, 0x00, 0xaa, 0x9c, 0x04, 0x63, 0xa8, 0x05, 0x9e, 0xc0, 0x24, 0x00,
  0x02, 0x03, 0xe5, 0xa0, 0x58, 0xbf, 0x3a, 0x9c, 0x48, 0xe0, 0x0d, 0x00,
  0xbd, 0xc0, 0x20, 0x00, 0x08, 0x63, 0xad, 0x10, 0x05, 0xc5, 0xff, 0x00,
  0x42, 0x60, 0xa8, 0x05, 0xa8, 0xc0, 0x01, 0x00, 0xdc, 0xbf, 0xbe, 0xc0,
  0x20, 0x00, 0x09, 0xa4, 0xaa, 0x00, 0x10, 0x63, 0xd0, 0xbf, 0x05, 0xc5,
  0xff, 0x00, 0xa8, 0x05, 0x00, 0x05, 0x42, 0x65, 0x8d, 0x15, 0xa8, 0xc5,
  0x01, 0x00, 0x00, 0x05, 0x82, 0x60, 0xc2, 0x65, 0x8d, 0x10, 0xa8, 0xc5,
  0x03, 0x00, 0xa8, 0xc0, 0x02, 0x00, 0xdc, 0xbf, 0x00, 0x53, 0x45, 0xc5,
  0x03, 0x00, 0x9e, 0xc0, 0x24, 0x00, 0x30, 0x0a, 0x34, 0x00, 0x14, 0xe0,
  0x0c, 0x00, 0xaa, 0x94, 0x04, 0x63, 0xab, 0x00, 0xc8, 0xc0, 0x20, 0x00,
  0x9e, 0xc0, 0x24, 0x00, 0x02, 0x03, 0xe5, 0xa0, 0x38, 0xbf, 0x3b, 0x94,
  0x48, 0xe0, 0x0d, 0x00, 0xbc, 0xca, 0x01, 0x00, 0xbc, 0x0b, 0x08, 0x63,
  0x8d, 0x1a, 0x8d, 0x1b, 0x47, 0x6a, 0xb0, 0x10, 0xc9, 0xc0, 0x20, 0x00,
  0xdc, 0xbf, 0x0d, 0xa5, 0xbe, 0x00, 0x10, 0x63, 0xca, 0xc0, 0x20, 0x00,
  0xd0, 0xbf, 0xbc, 0xca, 0x03, 0x00, 0xbc, 0xc7, 0x02, 0x00, 0xbc, 0xc6,
  0x01, 0x00, 0xbc, 0x0b, 0x8d, 0x17, 0x8d, 0x16, 0xc7, 0x6a, 0x86, 0x67,
  0x8d, 0x1b, 0x70, 0x10, 0xb0, 0x10, 0x46, 0x66, 0x60, 0x10, 0xd8, 0xbf,
  0x00, 0x52, 0x1a, 0xc2, 0x14, 0x00, 0x35, 0xc0, 0x10, 0x00, 0x21, 0xc2,
  0x32, 0x80, 0x24, 0xc2, 0x02, 0x00, 0x0d, 0x60, 0x20, 0x90, 0x9e, 0xc2,
  0x04, 0x00, 0x9a, 0xc0, 0x2c, 0x00, 0x21, 0xc0, 0x00, 0x40, 0x00, 0x12,
  0x9a, 0xc2, 0x04, 0x00, 0x07, 0x47, 0x0b, 0x46, 0x0f, 0x45, 0x1e, 0xc1,
  0x18, 0x00, 0x30, 0x02, 0x40, 0x6f, 0x78, 0xda, 0x38, 0x04, 0x00, 0x53,
  0x2a, 0xc3, 0x2c, 0x00, 0x2e, 0xc3, 0x04, 0x00, 0x01, 0xc0, 0x80, 0x00,
  0x35, 0xc9, 0xe8, 0x00, 0x01, 0xe9, 0x0d, 0x00, 0x35, 0xc0, 0xf8, 0x00,
  0x78, 0x5a, 0xa1, 0xe0, 0x08, 0x00, 0x60, 0x5a, 0xa1, 0xe0, 0x05, 0x00,
  0x40, 0x5a, 0xa5, 0xe9, 0x15, 0x00, 0x1e, 0xc0, 0x10, 0x00, 0x2a, 0xc0,
  0x10, 0x00, 0x35, 0xc3, 0x00, 0x30, 0x18, 0xa3, 0x06, 0x53, 0x10, 0xc2,
  0x2f, 0x00, 0x18, 0xc3, 0x2f, 0x00, 0x19, 0xe0, 0x03, 0x00, 0x2c, 0x03,
  0x35, 0xc3, 0x06, 0x00, 0x02, 0xa3, 0x02, 0x70, 0x30, 0x59, 0x95, 0xe0,
  0x1f, 0x00, 0x1e, 0xc0, 0x10, 0x00, 0x1e, 0xcb, 0x14, 0x00, 0x1e, 0xca,
  0x18, 0x00, 0x00, 0x0c, 0x1e, 0xc9, 0x1c, 0x00, 0x46, 0x6c, 0x2a, 0xcc,
  0x10, 0x00, 0xb0, 0x0c, 0xc2, 0x60, 0x46, 0x6c, 0xc0, 0x10, 0x2a, 0xc0,
  0x14, 0x00, 0xc2, 0x6b, 0x47, 0x6a, 0x00, 0x1b, 0xc2, 0x6a, 0x47, 0x69,
  0xa0, 0x10, 0x2a, 0xcb, 0x18, 0x00, 0x2a, 0xc0, 0x1c, 0x00, 0xa4, 0xbf,
  0x28, 0x59, 0x91, 0xe0, 0x05, 0x00, 0x10, 0x59, 0x95, 0xe0, 0xcd, 0xff,
  0x1e, 0xc0, 0x10, 0x00, 0x2a, 0xc0, 0x10, 0x00, 0x35, 0xc0, 0x00, 0x08,
  0x8a, 0xa0, 0x1e, 0xc0, 0x1c, 0x00, 0xdc, 0xbf, 0xa0, 0x6f, 0x1a, 0x7b,
  0x0a, 0x46, 0x0e, 0x45, 0x06, 0x4b, 0x1e, 0xc5, 0x10, 0x00, 0x10, 0x06,
  0x32, 0xa5, 0x3b, 0xa3, 0x25, 0xc2, 0x01, 0x00, 0x2a, 0xa2, 0x01, 0x53,
  0x18, 0xc3, 0x0f, 0x00, 0x1e, 0xc1, 0x18, 0x00, 0x50, 0x02, 0x29, 0xbf,
  0x6e, 0xc3, 0x14, 0x00, 0x17, 0xa3, 0x5e, 0xc3, 0x04, 0x00, 0x35, 0xc2,
  0x08, 0x00, 0x0d, 0xa2, 0x21, 0xc1, 0x00, 0x80, 0x10, 0x13, 0x5a, 0xc3,
  0x04, 0x00, 0x0b, 0x46, 0x0f, 0x45, 0x07, 0x4b, 0x60, 0x6f, 0xbe, 0x10,
  0x35, 0xc1, 0x01, 0x00, 0x21, 0xc2, 0x32, 0x80, 0x24, 0xc2, 0x02, 0x00,
  0x13, 0xc1, 0x01, 0x00, 0x21, 0x91, 0x5e, 0xc2, 0x04, 0x00, 0x5a, 0xc1,
  0x2c, 0x00, 0x21, 0xc1, 0x00, 0x40, 0x10, 0x12, 0x5a, 0xc2, 0x04, 0x00,
  0x07, 0x4b, 0x6e, 0xc1, 0x18, 0x00, 0x0f, 0x45, 0x0b, 0x46, 0x18, 0x7b,
  0x30, 0x02, 0x60, 0x6f, 0x78, 0xda, 0x38, 0x04, 0x80, 0x6f, 0x1a, 0x7b,
  0x0a, 0x48, 0x16, 0x45, 0x12, 0x46, 0x0e, 0x47, 0x06, 0x4b, 0x1e, 0xc5,
  0x18, 0x00, 0x10, 0x08, 0x5d, 0xc6, 0x30, 0x00, 0x5d, 0xc7, 0x32, 0x00,
  0xad, 0x16, 0x65, 0xc3, 0x01, 0x00, 0xad, 0x17, 0x09, 0xa3, 0x75, 0xc3,
  0x0f, 0x00, 0x34, 0xa3, 0x01, 0x53, 0x59, 0xc3, 0x30, 0x00, 0x0f, 0x53,
  0x59, 0xc3, 0x32, 0x00, 0x19, 0xe0, 0x04, 0x00, 0x5d, 0xc3, 0x30, 0x00,
  0x35, 0xc3, 0x01, 0x00, 0x02, 0xa3, 0x19, 0xe0, 0x04, 0x00, 0x5d, 0xc3,
  0x32, 0x00, 0x35, 0xc3, 0x0f, 0x00, 0x02, 0xa3, 0x70, 0x03, 0x65, 0xc2,
  0x3f, 0xfe, 0x80, 0x01, 0x21, 0xbf, 0x65, 0xc3, 0x32, 0x00, 0x09, 0xa3,
  0x75, 0xc3, 0x70, 0x00, 0x34, 0xa3, 0x32, 0x53, 0x59, 0xc3, 0x30, 0x00,
  0x70, 0x53, 0x59, 0xc3, 0x32, 0x00, 0x19, 0xe0, 0x04, 0x00, 0x5d, 0xc3,
  0x30, 0x00, 0x35, 0xc3, 0x32, 0x00, 0x02, 0xa3, 0x19, 0xe0, 0x04, 0x00,
  0x5d, 0xc3, 0x32, 0x00, 0x35, 0xc3, 0x70, 0x00, 0x02, 0xa3, 0x70, 0x03,
  0x65, 0xc2, 0x3f, 0xfe, 0x80, 0x01, 0x15, 0xbc, 0x00, 0x50, 0x0b, 0x48,
  0x0f, 0x47, 0x13, 0x46, 0x17, 0x45, 0x07, 0x4b, 0x20, 0x4f, 0xbe, 0x10,
  0x80, 0x6f, 0x1a, 0x7b, 0x16, 0x45, 0x0e, 0x47, 0x0a, 0x48, 0x00, 0x53,
  0x12, 0x46, 0x06, 0x4b, 0x20, 0x05, 0x2a, 0xc3, 0x2c, 0x00, 0x2e, 0xc2,
  0x04, 0x00, 0x10, 0x07, 0x21, 0xc1, 0xff, 0x3f, 0x14, 0xc1, 0xff, 0xff,
  0x11, 0x12, 0x5a, 0xc2, 0x04, 0x00, 0x7e, 0xc8, 0x18, 0x00, 0x28, 0x52,
  0x78, 0xc3, 0x0f, 0x00, 0x7a, 0xc3, 0x14, 0x00, 0x7a, 0xc5, 0x10, 0x00,
  0x8e, 0xc3, 0x24, 0x00, 0x35, 0xc3, 0x01, 0x00, 0xf9, 0xa3, 0x5e, 0xc3,
  0x08, 0x00, 0x5e, 0xc0, 0x04, 0x00, 0xc0, 0xe3, 0x0f, 0x00, 0x05, 0xc3,
  0x07, 0x00, 0x40, 0xe3, 0x06, 0x00, 0x05, 0xc3, 0xf8, 0x00, 0x25, 0xe3,
  0x07, 0x00, 0x8e, 0xc3, 0x24, 0x00, 0x35, 0xc3, 0x02, 0x00, 0xd3, 0xa3,
  0x05, 0xc3, 0xf8, 0x00, 0x30, 0x52, 0x21, 0xe3, 0x6e, 0x00, 0x78, 0x52,
  0x21, 0xe3, 0x6d, 0x00, 0x28, 0x52, 0x21, 0xe3, 0x6a, 0x00, 0x01, 0xc2,
  0x80, 0x00, 0x21, 0xe3, 0x68, 0x00, 0x60, 0x52, 0x21, 0xe3, 0x65, 0x00,
  0x05, 0xc2, 0x78, 0x00, 0x10, 0x51, 0x11, 0xe2, 0x60, 0x00, 0x50, 0x52,
  0x21, 0xe3, 0x5f, 0x00, 0x30, 0xc3, 0xc0, 0xff, 0x33, 0xc3, 0x01, 0x00,
  0x0e, 0x63, 0x05, 0xc0, 0x07, 0x00, 0x44, 0xe0, 0x62, 0x00, 0x0e, 0x52,
  0x7a, 0xc5, 0x14, 0x00, 0x88, 0xc2, 0x2e, 0x00, 0x8c, 0xc2, 0x28, 0x00,
  0x25, 0xc2, 0xe7, 0x00, 0x88, 0xc2, 0x28, 0x00, 0x5e, 0xc2, 0x24, 0x00,
  0x24, 0xc2, 0x00, 0x70, 0xad, 0x12, 0x89, 0xc2, 0x04, 0x00, 0x5f, 0xc2,
  0x28, 0x00, 0x89, 0xc2, 0x06, 0x00, 0x5e, 0xc1, 0x04, 0x00, 0x10, 0x02,
  0x22, 0x62, 0x15, 0xc1, 0x00, 0x08, 0x25, 0xc2, 0x10, 0x00, 0x06, 0xa1,
  0x24, 0xc2, 0x04, 0x00, 0x5e, 0xc1, 0x28, 0x00, 0x67, 0xa1, 0x01, 0x51,
  0x5a, 0xc1, 0x28, 0x00, 0x5e, 0xc1, 0x0c, 0x00, 0x8a, 0xc1, 0x08, 0x00,
  0x89, 0xc2, 0x0c, 0x00, 0x5e, 0xc2, 0x08, 0x00, 0x46, 0x62, 0x24, 0xc2,
  0x20, 0x00, 0x20, 0x13, 0xad, 0x13, 0x89, 0xc3, 0x0e, 0x00, 0x01, 0xc6,
  0xe8, 0x03, 0x5e, 0xc3, 0x04, 0x00, 0x21, 0xc2, 0x00, 0xc0, 0x31, 0x12,
  0x64, 0xa2, 0x21, 0xc2, 0x00, 0x40, 0x21, 0x13, 0x7c, 0xa3, 0x5e, 0xc0,
  0x2c, 0x00, 0x00, 0x53, 0x7a, 0xc3, 0x10, 0x00, 0x0b, 0x48, 0x0f, 0x47,
  0x13, 0x46, 0x17, 0x45, 0x07, 0x4b, 0x20, 0x4f, 0xbe, 0x10, 0x09, 0x53,
  0x5a, 0xbf, 0x1b, 0x53, 0x56, 0xbf, 0x1a, 0x53, 0x52, 0xbf, 0x02, 0x53,
  0x4e, 0xbf, 0x14, 0xe1, 0x05, 0x00, 0x24, 0xc2, 0x02, 0x00, 0x9a, 0xbf,
  0x2c, 0xe1, 0xcc, 0xff, 0x24, 0xc2, 0x22, 0x00, 0x90, 0xbf, 0xfc, 0x60,
  0x02, 0x52, 0x03, 0x02, 0xa7, 0xa0, 0x5e, 0xc2, 0x0c, 0x00, 0x8a, 0xc2,
  0x08, 0x00, 0x00, 0x52, 0x89, 0xc2, 0x0c, 0x00, 0x5e, 0xc2, 0x08, 0x00,
  0x46, 0x62, 0x88, 0xbf, 0x8d, 0xc3, 0x30, 0x00, 0xad, 0x13, 0x0b, 0xa3,
  0x8d, 0xc3, 0x32, 0x00, 0xad, 0x13, 0x0a, 0xa3, 0x70, 0x01, 0x7c, 0xc3,
  0x0e, 0x00, 0xaf, 0xbd, 0x60, 0x01, 0x39, 0xd8, 0x15, 0x00, 0x74, 0xbf,
  0x00, 0x50, 0x88, 0xbf, 0xa0, 0x6f, 0x0e, 0x45, 0x0a, 0x46, 0x06, 0x47,
  0x1a, 0x7b, 0x10, 0x06, 0x20, 0x07, 0x30, 0x05, 0xfa, 0x0b, 0x70, 0x02,
  0x60, 0x01, 0x37, 0xbe, 0x08, 0xe0, 0x05, 0x00, 0xfc, 0x65, 0x18, 0xe5,
  0xfa, 0xff, 0x07, 0x47, 0x0b, 0x46, 0x0f, 0x45, 0xfe, 0x0b, 0x60, 0x6f,
  0xbe, 0x10, 0xf0, 0xcf, 0xc0, 0xff, 0x30, 0x53, 0x1a, 0x7b, 0xfa, 0x03,
  0x36, 0x4b, 0x01, 0xc3, 0x13, 0x30, 0x06, 0xa2, 0x01, 0xc3, 0x2b, 0x30,
  0x06, 0x43, 0x0c, 0x53, 0x0a, 0x43, 0x00, 0x53, 0x0e, 0x43, 0xf0, 0x02,
  0x03, 0x53, 0xaf, 0xbf, 0x00, 0x53, 0x31, 0xf0, 0x04, 0x00, 0x37, 0x4b,
  0x40, 0x4f, 0xbe, 0x10, 0xf0, 0xcf, 0xc0, 0xff, 0x00, 0x53, 0x22, 0x43,
  0x17, 0x53, 0x0a, 0x43, 0x13, 0x53, 0x06, 0x43, 0x30, 0x53, 0x1a, 0x7b,
  0xfa, 0x03, 0x0e, 0x42, 0x03, 0x53, 0xf0, 0x02, 0x36, 0x4b, 0x83, 0xbf,
  0x0c, 0xe0, 0x07, 0x00, 0x13, 0x41, 0x2b, 0xb8, 0x00, 0x53, 0x31, 0xf0,
  0x04, 0x00, 0x37, 0x4b, 0x40, 0x4f, 0xbe, 0x10, 0xf0, 0xcf, 0xc0, 0xff,
  0x1a, 0x7b, 0x30, 0x53, 0x36, 0x4b, 0xfa, 0x03, 0x2b, 0xa2, 0x03, 0x53,
  0x06, 0x43, 0x00, 0x53, 0x0e, 0x43, 0x07, 0x53, 0x0a, 0x43, 0x0a, 0xa2,
  0x1f, 0xc3, 0x0c, 0x00, 0x86, 0x63, 0x0e, 0x43, 0x03, 0x53, 0xf0, 0x02,
  0x45, 0xbf, 0x00, 0x53, 0x31, 0xf0, 0x04, 0x00, 0x37, 0x4b, 0x40, 0x4f,
  0xbe, 0x10, 0x13, 0x53, 0xd8, 0xbf, 0xf0, 0xcf, 0xc0, 0xff, 0x02, 0x53,
  0x0a, 0x43, 0x32, 0x53, 0x06, 0x43, 0x00, 0x53, 0x22, 0x43, 0x0e, 0x43,
  0x30, 0x53, 0x36, 0x45, 0x1a, 0x7b, 0x20, 0x05, 0xfa, 0x03, 0xf0, 0x02,
  0x03, 0x53, 0x32, 0x4b, 0x11, 0xbf, 0x0c, 0xe0, 0x08, 0x00, 0x10, 0x53,
  0x10, 0x42, 0x50, 0x01, 0x89, 0xd9, 0xca, 0xff, 0x00, 0x50, 0x37, 0x45,
  0x33, 0x4b, 0x40, 0x4f, 0xbe, 0x10, 0xf0, 0xcf, 0xc0, 0xff, 0x33, 0x53,
  0x06, 0x43, 0x09, 0x53, 0x1a, 0x7b, 0x0a, 0x43, 0x30, 0x53, 0x36, 0x45,
  0x32, 0x4b, 0xfa, 0x03, 0x00, 0x53, 0x22, 0x43, 0x1f, 0xc3, 0x0c, 0x00,
  0x20, 0x05, 0xf0, 0x02, 0x86, 0x63, 0x0e, 0x43, 0x03, 0x53, 0xcf, 0xbe,
  0x0c, 0xe0, 0x08, 0x00, 0x10, 0x53, 0x10, 0x42, 0x50, 0x01, 0x79, 0xdf,
  0xc9, 0xff, 0x00, 0x50, 0x37, 0x45, 0x33, 0x4b, 0x40, 0x4f, 0xbe, 0x10,
  0x25, 0xc3, 0x01, 0x00, 0x0d, 0xa3, 0x25, 0xc2, 0x02, 0x00, 0x1f, 0xa2,
  0x00, 0x50, 0x02, 0x70, 0x01, 0x53, 0x10, 0xc0, 0x2f, 0x00, 0x18, 0xc3,
  0x2f, 0x00, 0x19, 0xe0, 0x03, 0x00, 0x0c, 0x03, 0x35, 0xc3, 0x01, 0x00,
  0x02, 0xa3, 0xe0, 0xbf, 0x01, 0xc3, 0x7f, 0x01, 0x01, 0xc2, 0xf3, 0x00,
  0x19, 0xc2, 0x34, 0x00, 0x19, 0xc3, 0x36, 0x00, 0x19, 0xc2, 0x38, 0x00,
  0x19, 0xc3, 0x3a, 0x00, 0x0e, 0x53, 0x18, 0xc3, 0x2e, 0x00, 0x19, 0xe0,
  0x06, 0x00, 0x1e, 0xc3, 0x24, 0x00, 0x21, 0xc2, 0x02, 0x00, 0x21, 0x13,
  0x03, 0xa3, 0x1d, 0xc3, 0x30, 0x00, 0x19, 0xc3, 0x30, 0x00, 0x1d, 0xc3,
  0x32, 0x00, 0x19, 0xc3, 0x32, 0x00, 0x19, 0xe0, 0x04, 0x00, 0x1d, 0xc3,
  0x30, 0x00, 0xad, 0x13, 0x02, 0xa3, 0x19, 0xe0, 0x04, 0x00, 0x1d, 0xc3,
  0x32, 0x00, 0xad, 0x13, 0x02, 0xa3, 0x8e, 0xbf, 0x19, 0xe0, 0x06, 0x00,
  0x1e, 0xc3, 0x24, 0x00, 0x21, 0xc2, 0x02, 0x00, 0x21, 0x13, 0x03, 0xa3,
  0x1e, 0xc3, 0x24, 0x00, 0x21, 0xc2, 0x01, 0x00, 0x21, 0x13, 0x40, 0xa3,
  0x1c, 0xc3, 0x29, 0x00, 0x8d, 0x13, 0x34, 0xc3, 0x0f, 0x00, 0x18, 0xc3,
  0x29, 0x00, 0x00, 0x53, 0x19, 0xc3, 0x2c, 0x00, 0x01, 0xc3, 0x01, 0x80,
  0x19, 0xc3, 0x2c, 0x00, 0x19, 0xe0, 0x04, 0x00, 0x1d, 0xc3, 0x2c, 0x00,
  0x35, 0xc3, 0x02, 0x00, 0x03, 0xa3, 0x1d, 0xc3, 0x2c, 0x00, 0xad, 0x13,
  0x34, 0xc3, 0x04, 0x00, 0x19, 0xc3, 0x2c, 0x00, 0x00, 0x53, 0x18, 0xc3,
  0x28, 0x00, 0x00, 0x50, 0x02, 0x70, 0xf0, 0xcf, 0xc0, 0xff, 0x00, 0x53,
  0x0e, 0x43, 0x03, 0x53, 0x0a, 0x43, 0x01, 0xc3, 0x82, 0x00, 0x06, 0x43,
  0x30, 0x53, 0x36, 0x45, 0x1a, 0x7b, 0x20, 0x05, 0xfa, 0x03, 0xf0, 0x02,
  0x03, 0x53, 0x32, 0x4b, 0xb5, 0xbd, 0x0c, 0xe0, 0x07, 0x00, 0x08, 0xa5,
  0xff, 0xc3, 0x12, 0x00, 0x59, 0x03, 0x00, 0x50, 0x37, 0x45, 0x33, 0x4b,
  0x40, 0x4f, 0xbe, 0x10, 0xa0, 0x6f, 0x0e, 0x45, 0x0a, 0x46, 0x06, 0x47,
  0x1a, 0x7b, 0x10, 0x06, 0x01, 0xc5, 0xe9, 0x03, 0x01, 0xc7, 0xe8, 0x03,
  0xfa, 0x0b, 0x6e, 0xc3, 0x24, 0x00, 0x21, 0xc2, 0x02, 0x00, 0x21, 0x13,
  0x18, 0xa3, 0x6e, 0xc0, 0x24, 0x00, 0x83, 0x60, 0x05, 0xc0, 0x01, 0x00,
  0x07, 0x47, 0x0b, 0x46, 0x0f, 0x45, 0xfe, 0x0b, 0x60, 0x6f, 0xbe, 0x10,
  0xfc, 0x65, 0x0a, 0xa5, 0x70, 0x01, 0xd9, 0xda, 0x12, 0x00, 0xd4, 0xbf,
  0x21, 0xc0, 0x32, 0x80, 0x04, 0xc0, 0x02, 0x00, 0xe0, 0xbf, 0xf0, 0xcf,
  0xb8, 0xff, 0x00, 0x53, 0x22, 0x43, 0x01, 0x53, 0x0a, 0x43, 0x42, 0x53,
  0x3e, 0x45, 0x3a, 0x46, 0x36, 0x47, 0x1a, 0x7b, 0x06, 0x43, 0x10, 0x06,
  0x30, 0x53, 0x20, 0x05, 0x64, 0x57, 0x32, 0x4b, 0xfa, 0x03, 0x0e, 0x42,
  0x6e, 0x01, 0x00, 0x53, 0xf0, 0x02, 0x23, 0xbd, 0x0c, 0xe0, 0x10, 0x00,
  0x28, 0xa5, 0x13, 0x43, 0x0c, 0xe3, 0x12, 0x00, 0x01, 0xc1, 0x10, 0x27,
  0xfc, 0x67, 0x59, 0xd8, 0x12, 0x00, 0xe3, 0xa7, 0x21, 0xc0, 0x32, 0x80,
  0x04, 0xc0, 0x02, 0x00, 0x37, 0x47, 0x3b, 0x46, 0x3f, 0x45, 0x33, 0x4b,
  0x48, 0x4f, 0xbe, 0x10, 0x00, 0x50, 0xf2, 0xbf, 0xf0, 0xcf, 0xc0, 0xff,
  0x00, 0x53, 0x22, 0x43, 0x10, 0x53, 0x0a, 0x43, 0x13, 0x53, 0x06, 0x43,
  0x30, 0x53, 0xfa, 0x03, 0x01, 0xc3, 0x00, 0x02, 0x1a, 0x7b, 0x0e, 0x43,
  0xf0, 0x02, 0x03, 0x53, 0x36, 0x4b, 0xcf, 0xbc, 0x0c, 0xe0, 0x08, 0x00,
  0x13, 0x41, 0xb9, 0xdb, 0xf5, 0xff, 0x00, 0x53, 0x31, 0xf0, 0x04, 0x00,
  0x37, 0x4b, 0x40, 0x4f, 0xbe, 0x10, 0xf0, 0xcf, 0xb0, 0xff, 0x46, 0x45,
  0x42, 0x46, 0x3e, 0x47, 0x3a, 0x48, 0x1a, 0x7b, 0x10, 0x08, 0x20, 0x05,
  0x03, 0x57, 0x00, 0x56, 0x36, 0x4b, 0x8e, 0x01, 0x37, 0x53, 0x0a, 0x43,
  0x13, 0x53, 0x06, 0x43, 0x22, 0x46, 0x30, 0x53, 0xfa, 0x03, 0x1f, 0xc3,
  0x0c, 0x00, 0xf0, 0x02, 0x86, 0x63, 0x0e, 0x43, 0x00, 0x53, 0x83, 0xbc,
  0x0c, 0xe0, 0x0c, 0x00, 0x13, 0x43, 0x35, 0xc3, 0x20, 0x00, 0x20, 0xa3,
  0x8e, 0x01, 0x00, 0x53, 0x50, 0x02, 0x6f, 0xbc, 0x08, 0xe0, 0x04, 0x00,
  0xfc, 0x67, 0xc9, 0xa7, 0x3b, 0x48, 0x3f, 0x47, 0x43, 0x46, 0x47, 0x45,
  0x37, 0x4b, 0x50, 0x4f, 0xbe, 0x10, 0x21, 0xc0, 0x32, 0x80, 0x04, 0xc0,
  0x05, 0x01, 0xea, 0xbf, 0xf0, 0xcf, 0xb8, 0xff, 0x00, 0x53, 0x22, 0x43,
  0x29, 0x53, 0x0a, 0x43, 0x42, 0x53, 0x3e, 0x45, 0x3a, 0x46, 0x36, 0x47,
  0x1a, 0x7b, 0x06, 0x43, 0x10, 0x06, 0x30, 0x53, 0x20, 0x05, 0x64, 0x57,
  0x32, 0x4b, 0xfa, 0x03, 0x0e, 0x42, 0xf0, 0x02, 0x60, 0x01, 0x6d, 0xbf,
  0x0c, 0xe0, 0x10, 0x00, 0x28, 0xa5, 0x13, 0x43, 0x0c, 0xe3, 0x12, 0x00,
  0x01, 0xc1, 0x10, 0x27, 0xfc, 0x67, 0x59, 0xd8, 0x11, 0x00, 0xe5, 0xa7,
  0x21, 0xc0, 0x32, 0x80, 0x04, 0xc0, 0x02, 0x00, 0x37, 0x47, 0x3b, 0x46,
  0x3f, 0x45, 0x33, 0x4b, 0x48, 0x4f, 0xbe, 0x10, 0x00, 0x50, 0xf2, 0xbf,
  0x1c, 0xc3, 0x28, 0x00, 0x00, 0x50, 0x35, 0xc3, 0xdd, 0x00, 0x18, 0xc3,
  0x28, 0x00, 0x02, 0x70, 0xf0, 0xcf, 0xc0, 0xff, 0x01, 0x53, 0x06, 0x43,
  0x00, 0x53, 0x22, 0x43, 0x0e, 0x43, 0x0a, 0x43, 0x30, 0x53, 0x1a, 0x7b,
  0xfa, 0x03, 0xf0, 0x02, 0x00, 0x53, 0x36, 0x45, 0x32, 0x4b, 0x10, 0x05,
  0xc1, 0xbb, 0x0c, 0xe0, 0x0c, 0x00, 0x00, 0x53, 0x80, 0xd2, 0x1a, 0x06,
  0x50, 0x01, 0x99, 0xde, 0xf4, 0xff, 0x5e, 0xc1, 0x18, 0x00, 0xbb, 0xbf,
  0x00, 0x50, 0x37, 0x45, 0x33, 0x4b, 0x40, 0x4f, 0xbe, 0x10, 0xf0, 0xcf,
  0xc0, 0xff, 0x13, 0x53, 0x06, 0x43, 0x0d, 0x53, 0x1a, 0x7b, 0x0a, 0x43,
  0x30, 0x53, 0x36, 0x4b, 0xfa, 0x03, 0x00, 0x53, 0x22, 0x43, 0x1f, 0xc3,
  0x0c, 0x00, 0xf0, 0x02, 0x86, 0x63, 0x0e, 0x43, 0x03, 0x53, 0x7b, 0xbb,
  0x0c, 0xe0, 0x08, 0x00, 0x13, 0x41, 0x19, 0xd9, 0xf4, 0xff, 0x00, 0x53,
  0x31, 0xf0, 0x04, 0x00, 0x37, 0x4b, 0x40, 0x4f, 0xbe, 0x10, 0xf0, 0xcf,
  0xb8, 0xff, 0x3a, 0x46, 0x1a, 0x7b, 0x10, 0x06, 0x30, 0x51, 0x3e, 0x45,
  0x36, 0x4b, 0xfa, 0x01, 0x14, 0xe4, 0x28, 0x00, 0x11, 0x51, 0x0a, 0x41,
  0x01, 0xc1, 0x14, 0x01, 0x06, 0x41, 0x6e, 0xc1, 0x04, 0x00, 0x0e, 0x42,
  0x15, 0xc1, 0x01, 0x00, 0x07, 0xa1, 0x4e, 0x62, 0x0e, 0x42, 0x6e, 0x01,
  0x01, 0xc2, 0x00, 0x02, 0x26, 0x42, 0x22, 0x43, 0xf0, 0x02, 0x00, 0x53,
  0x2a, 0x44, 0x23, 0xbb, 0x00, 0x05, 0x08, 0xe0, 0x15, 0x00, 0x0b, 0x42,
  0x12, 0x53, 0x35, 0xe2, 0x05, 0x00, 0x6e, 0x01, 0x01, 0x52, 0x3d, 0xbb,
  0x50, 0x00, 0x3b, 0x46, 0x3f, 0x45, 0x37, 0x4b, 0x48, 0x4f, 0xbe, 0x10,
  0x01, 0xc1, 0x14, 0x09, 0x06, 0x41, 0x12, 0x51, 0x0a, 0x41, 0xb4, 0xbf,
  0x6e, 0x01, 0x55, 0xbf, 0x00, 0x05, 0x00, 0x53, 0x31, 0xf5, 0x04, 0x00,
  0xdc, 0xbf, 0xf0, 0xcf, 0xb8, 0xff, 0x3a, 0x46, 0x1a, 0x7b, 0x10, 0x06,
  0x30, 0x51, 0x3e, 0x45, 0x36, 0x4b, 0xfa, 0x01, 0x14, 0xe4, 0x28, 0x00,
  0x18, 0x51, 0x0a, 0x41, 0x01, 0xc1, 0x14, 0x02, 0x06, 0x41, 0x6e, 0xc1,
  0x04, 0x00, 0x0e, 0x42, 0x15, 0xc1, 0x01, 0x00, 0x07, 0xa1, 0x4e, 0x62,
  0x0e, 0x42, 0x6e, 0x01, 0x01, 0xc2, 0x00, 0x02, 0x26, 0x42, 0x22, 0x43,
  0xf0, 0x02, 0x00, 0x53, 0x2a, 0x44, 0xa7, 0xba, 0x00, 0x05, 0x08, 0xe0,
  0x15, 0x00, 0x0b, 0x42, 0x19, 0x53, 0x35, 0xe2, 0x05, 0x00, 0x6e, 0x01,
  0x01, 0x52, 0xc1, 0xba, 0x50, 0x00, 0x3b, 0x46, 0x3f, 0x45, 0x37, 0x4b,
  0x48, 0x4f, 0xbe, 0x10, 0x01, 0xc1, 0x14, 0x0a, 0x06, 0x41, 0x19, 0x51,
  0x0a, 0x41, 0xb4, 0xbf, 0x6e, 0x01, 0xd9, 0xbe, 0x00, 0x05, 0x00, 0x53,
  0x31, 0xf5, 0x04, 0x00, 0xdc, 0xbf, 0xf0, 0xcf, 0xb8, 0xff, 0x3a, 0x46,
  0x10, 0x06, 0x01, 0xc1, 0x14, 0x01, 0x1a, 0x7b, 0x06, 0x41, 0x30, 0x51,
  0x3e, 0x45, 0x36, 0x4b, 0xfa, 0x01, 0x14, 0xe4, 0x35, 0x00, 0x11, 0x50,
  0x6e, 0xc1, 0x04, 0x00, 0x0a, 0x40, 0x0e, 0x42, 0x15, 0xc1, 0x01, 0x00,
  0x07, 0xa1, 0x4e, 0x62, 0x0e, 0x42, 0x01, 0xc2, 0x00, 0x02, 0x22, 0x43,
  0x12, 0x53, 0x26, 0x42, 0x2a, 0x44, 0x31, 0xe0, 0x25, 0x00, 0x6e, 0x01,
  0x00, 0x53, 0xf0, 0x02, 0x25, 0xba, 0x00, 0x05, 0x08, 0xe0, 0x2a, 0x00,
  0x0b, 0x42, 0x12, 0x53, 0x35, 0xe2, 0x20, 0x00, 0x21, 0xc3, 0x32, 0x80,
  0x34, 0xc3, 0x1d, 0x01, 0x31, 0xe0, 0x1a, 0x00, 0x21, 0xc3, 0x32, 0x80,
  0x34, 0xc3, 0x1e, 0x01, 0x31, 0xe0, 0x14, 0x00, 0x21, 0xc3, 0x32, 0x80,
  0x34, 0xc3, 0x1f, 0x01, 0x31, 0xe0, 0x0e, 0x00, 0x6e, 0x01, 0x00, 0x52,
  0x1b, 0xba, 0x12, 0xb0, 0x12, 0x50, 0x9a, 0xbf, 0x6e, 0x01, 0x40, 0x02,
  0x41, 0xba, 0x00, 0x05, 0x08, 0xe0, 0xd9, 0xff, 0x50, 0x00, 0x3b, 0x46,
  0x3f, 0x45, 0x37, 0x4b, 0x48, 0x4f, 0xbe, 0x10, 0x6e, 0x01, 0x2d, 0xbe,
  0x00, 0x05, 0x00, 0x53, 0x31, 0xf5, 0x04, 0x00, 0xe8, 0xbf, 0xf0, 0xcf,
  0xb8, 0xff, 0x3a, 0x46, 0x10, 0x06, 0x01, 0xc1, 0x14, 0x02, 0x1a, 0x7b,
  0x06, 0x41, 0x30, 0x51, 0x3e, 0x45, 0x36, 0x4b, 0xfa, 0x01, 0x14, 0xe4,
  0x35, 0x00, 0x18, 0x50, 0x6e, 0xc1, 0x04, 0x00, 0x0a, 0x40, 0x0e, 0x42,
  0x15, 0xc1, 0x01, 0x00, 0x07, 0xa1, 0x4e, 0x62, 0x0e, 0x42, 0x01, 0xc2,
  0x00, 0x02, 0x22, 0x43, 0x19, 0x53, 0x26, 0x42, 0x2a, 0x44, 0x31, 0xe0,
  0x25, 0x00, 0x6e, 0x01, 0x00, 0x53, 0xf0, 0x02, 0x79, 0xb9, 0x00, 0x05,
  0x08, 0xe0, 0x2a, 0x00, 0x0b, 0x42, 0x19, 0x53, 0x35, 0xe2, 0x20, 0x00,
  0x21, 0xc3, 0x32, 0x80, 0x34, 0xc3, 0x1d, 0x01, 0x31, 0xe0, 0x1a, 0x00,
  0x21, 0xc3, 0x32, 0x80, 0x34, 0xc3, 0x1e, 0x01, 0x31, 0xe0, 0x14, 0x00,
  0x21, 0xc3, 0x32, 0x80, 0x34, 0xc3, 0x1f, 0x01, 0x31, 0xe0, 0x0e, 0x00,
  0x6e, 0x01, 0x00, 0x52, 0x6f, 0xb9, 0x12, 0xb0, 0x19, 0x50, 0x9a, 0xbf,
  0x6e, 0x01, 0x40, 0x02, 0x95, 0xb9, 0x00, 0x05, 0x08, 0xe0, 0xd9, 0xff,
  0x50, 0x00, 0x3b, 0x46, 0x3f, 0x45, 0x37, 0x4b, 0x48, 0x4f, 0xbe, 0x10,
  0x6e, 0x01, 0x81, 0xbd, 0x00, 0x05, 0x00, 0x53, 0x31, 0xf5, 0x04, 0x00,
  0xe8, 0xbf, 0xa0, 0x6f, 0x0e, 0x45, 0x30, 0x05, 0x0a, 0x46, 0x06, 0x47,
  0x10, 0x06, 0x1a, 0x7b, 0x20, 0x07, 0x1c, 0x53, 0x00, 0x52, 0x50, 0x01,
  0xfa, 0x0b, 0xd9, 0xdf, 0xc3, 0xff, 0x10, 0xe6, 0x0b, 0x00, 0x01, 0xc3,
  0x01, 0x01, 0x31, 0xe6, 0x07, 0x00, 0x01, 0xc3, 0x80, 0x00, 0x0a, 0xa6,
  0x00, 0x53, 0x06, 0xb0, 0x21, 0xc3, 0x30, 0x00, 0x21, 0xc2, 0xdc, 0x02,
  0x5a, 0x03, 0x24, 0xc2, 0x00, 0x6c, 0x21, 0xc3, 0x6e, 0x01, 0x5a, 0xc2,
  0x04, 0x00, 0x34, 0xc3, 0x00, 0x36, 0x05, 0xa7, 0x20, 0x03, 0x5a, 0xc3,
  0x08, 0x00, 0x65, 0xc3, 0xff, 0x00, 0x59, 0xc6, 0x0e, 0x00, 0x21, 0xc1,
  0xb0, 0xe0, 0x14, 0xa3, 0x01, 0xc2, 0x01, 0x01, 0x21, 0xe6, 0x07, 0x00,
  0x30, 0x01, 0x21, 0xc3, 0xbf, 0xe0, 0x86, 0x61, 0x31, 0x91, 0x5a, 0xc1,
  0x18, 0x00, 0x03, 0x52, 0xe5, 0xb9, 0x00, 0x50, 0x07, 0x47, 0x0b, 0x46,
  0x0f, 0x45, 0xfe, 0x0b, 0x60, 0x6f, 0xbe, 0x10, 0x80, 0x6f, 0x1a, 0x7b,
  0x16, 0x45, 0x12, 0x46, 0x0e, 0x47, 0x0a, 0x48, 0x06, 0x4b, 0x10, 0x05,
  0xf0, 0xcf, 0xc0, 0xfd, 0x00, 0xe1, 0x18, 0x01, 0x1e, 0x03, 0x00, 0xe3,
  0x15, 0x01, 0x3e, 0xc1, 0x18, 0x00, 0xcb, 0xba, 0x0c, 0xe0, 0x6c, 0x00,
  0x00, 0xe0, 0x10, 0x01, 0x5e, 0xc3, 0x1c, 0x00, 0x00, 0x51, 0x5a, 0xc1,
  0x04, 0x00, 0x1e, 0xa3, 0x5e, 0x03, 0x00, 0x52, 0x3e, 0xc3, 0x18, 0x00,
  0x39, 0xc1, 0x2c, 0x00, 0x38, 0xc2, 0x28, 0x00, 0x01, 0xc1, 0x10, 0x27,
  0x38, 0xc2, 0x29, 0x00, 0xa9, 0xd9, 0x0d, 0x00, 0x5e, 0x03, 0x3e, 0xc1,
  0x18, 0x00, 0xfb, 0xb9, 0x0c, 0xe0, 0x50, 0x00, 0x01, 0xc1, 0x10, 0x27,
  0x09, 0xd9, 0x0d, 0x00, 0x5e, 0x03, 0x02, 0x52, 0x3e, 0xc1, 0x18, 0x00,
  0x65, 0xb9, 0x0c, 0xe0, 0x45, 0x00, 0x5e, 0x01, 0x31, 0xbc, 0x0c, 0xe0,
  0x41, 0x00, 0x5e, 0x03, 0x00, 0x52, 0x10, 0x41, 0x3e, 0x06, 0x30, 0x53,
  0x09, 0xd8, 0xc3, 0xff, 0x01, 0xc3, 0x92, 0x00, 0x16, 0x43, 0x08, 0x53,
  0x1a, 0x43, 0x30, 0x53, 0x12, 0x43, 0x00, 0xd3, 0x80, 0xff, 0x61, 0x13,
  0x6f, 0xa3, 0x01, 0xc3, 0xaa, 0x00, 0x5e, 0x01, 0x1e, 0x43, 0x00, 0x53,
  0x32, 0x43, 0x10, 0x42, 0x03, 0x53, 0xb9, 0xde, 0xf7, 0xff, 0x09, 0xa0,
  0x21, 0xc3, 0x00, 0x40, 0x30, 0x16, 0x5e, 0x03, 0x00, 0x52, 0x50, 0x01,
  0x39, 0xc2, 0x0c, 0x00, 0x60, 0x02, 0x73, 0xbb, 0x0c, 0xe0, 0x18, 0x00,
  0x00, 0x52, 0xf0, 0x01, 0x10, 0x53, 0x99, 0xdd, 0xc2, 0xff, 0x5e, 0x01,
  0xf0, 0x02, 0x79, 0xb8, 0x0c, 0xe0, 0x0e, 0x00, 0x5e, 0x01, 0x10, 0xc2,
  0x0c, 0x00, 0xc9, 0xb9, 0x0c, 0xe0, 0x08, 0x00, 0x24, 0xa0, 0x5e, 0x01,
  0x01, 0x52, 0x27, 0xb8, 0x08, 0xe0, 0x15, 0x00, 0xf0, 0xcf, 0x40, 0x02,
  0x0b, 0x48, 0x0f, 0x47, 0x13, 0x46, 0x17, 0x45, 0x07, 0x4b, 0x20, 0x4f,
  0xbe, 0x10, 0x01, 0xc3, 0xaa, 0x01, 0x94, 0xbf, 0x5e, 0x01, 0x10, 0xc2,
  0x0c, 0x00, 0x99, 0xb9, 0x08, 0xe0, 0xeb, 0xff, 0xdc, 0xbf, 0x30, 0x53,
  0x00, 0x52, 0x10, 0x41, 0x09, 0xdb, 0xc2, 0xff, 0x2a, 0x53, 0x1a, 0x43,
  0x13, 0x53, 0x16, 0x43, 0x00, 0x53, 0x1e, 0x43, 0x10, 0x42, 0x30, 0x53,
  0x50, 0x01, 0x12, 0x43, 0x93, 0xba, 0x0c, 0xe0, 0xdd, 0xff, 0x23, 0x41,
  0x89, 0xdf, 0xef, 0xff, 0x0c, 0xe0, 0xd8, 0xff, 0x5e, 0x01, 0x00, 0x52,
  0x50, 0xc6, 0x08, 0x00, 0x29, 0xde, 0xf7, 0xff, 0x5e, 0x01, 0x60, 0x02,
  0x33, 0xb8, 0x0c, 0xe0, 0xcd, 0xff, 0x5e, 0x01, 0x01, 0x52, 0x99, 0xdd,
  0xf7, 0xff, 0x0c, 0xe0, 0xc7, 0xff, 0x02, 0x53, 0x7e, 0x52, 0x60, 0x01,
  0x69, 0xdf, 0xef, 0xff, 0x04, 0x53, 0x63, 0x52, 0x60, 0x01, 0x05, 0xc7,
  0xff, 0x00, 0xf9, 0xde, 0xef, 0xff, 0x02, 0xc3, 0x10, 0x00, 0x00, 0x08,
  0x05, 0xa3, 0x00, 0x58, 0x03, 0x53, 0x60, 0x52, 0x60, 0x01, 0x59, 0xde,
  0xef, 0xff, 0x21, 0xc2, 0x04, 0x00, 0x21, 0xc3, 0x04, 0x00, 0x20, 0xc2,
  0xc0, 0x5b, 0x30, 0xc3, 0x38, 0x5e, 0x16, 0x60, 0x82, 0x92, 0x03, 0x93,
  0x2b, 0x02, 0x3e, 0x03, 0x26, 0x13, 0x5a, 0xc3, 0x18, 0x00, 0x14, 0xe7,
  0x31, 0x00, 0x16, 0x53, 0x30, 0x52, 0x60, 0x01, 0xe9, 0xdc, 0xef, 0xff,
  0x5e, 0xc3, 0x04, 0x00, 0x04, 0x60, 0x34, 0xc3, 0x01, 0x00, 0x56, 0x60,
  0x5a, 0xc0, 0x1c, 0x00, 0x5a, 0xc3, 0x04, 0x00, 0x40, 0x46, 0x01, 0xc3,
  0x00, 0x02, 0x00, 0x52, 0x60, 0x01, 0xf9, 0xdc, 0xc1, 0xff, 0x30, 0x53,
  0x00, 0x52, 0x10, 0x41, 0xa9, 0xdc, 0xc1, 0xff, 0x00, 0x53, 0x3a, 0x43,
  0x1e, 0x43, 0x33, 0x53, 0x1a, 0x43, 0x01, 0xc3, 0x14, 0x01, 0x16, 0x43,
  0x08, 0x53, 0x36, 0x43, 0x10, 0x42, 0x30, 0x53, 0x50, 0x01, 0x12, 0x43,
  0x32, 0x46, 0xbd, 0xb9, 0x0c, 0xe0, 0x1f, 0x00, 0x00, 0x50, 0xde, 0xbe,
  0x33, 0xa7, 0x0c, 0x53, 0x3e, 0x52, 0x60, 0x01, 0xe9, 0xd9, 0xef, 0xff,
  0x03, 0x53, 0x2f, 0x52, 0x60, 0x01, 0x00, 0x07, 0x89, 0xd9, 0xef, 0xff,
  0x04, 0x67, 0x08, 0x60, 0x0e, 0x27, 0x5a, 0xc7, 0x1c, 0x00, 0x9e, 0xbf,
  0xfe, 0x50, 0xb6, 0xbe, 0x21, 0xc0, 0x32, 0x80, 0x04, 0xc0, 0x01, 0x00,
  0xac, 0xbe, 0xff, 0x50, 0xa8, 0xbe, 0x5e, 0x01, 0x41, 0xb9, 0x00, 0x53,
  0x31, 0xf0, 0x04, 0x00, 0x9c, 0xbe, 0xa0, 0x6f, 0x1a, 0x7b, 0x0e, 0x45,
  0x0a, 0x46, 0x06, 0x47, 0xfa, 0x0b, 0x10, 0x05, 0xf0, 0xcf, 0xc0, 0xfd,
  0x00, 0xe1, 0x86, 0x00, 0x1e, 0x03, 0x00, 0xe3, 0x83, 0x00, 0x3e, 0xc1,
  0x18, 0x00, 0x6b, 0xb8, 0x0c, 0xe0, 0x40, 0x00, 0x00, 0xe0, 0x7e, 0x00,
  0x01, 0x53, 0x5a, 0xc3, 0x04, 0x00, 0x5e, 0x03, 0x3e, 0xc1, 0x18, 0x00,
  0xe9, 0xdd, 0xf7, 0xff, 0x0c, 0xe0, 0x34, 0x00, 0x5e, 0x01, 0x07, 0xba,
  0x0c, 0xe0, 0x30, 0x00, 0x5e, 0x03, 0x50, 0x01, 0x3e, 0x02, 0x21, 0xc3,
  0x00, 0x40, 0x30, 0x12, 0x87, 0xb8, 0x0c, 0xe0, 0x27, 0x00, 0x00, 0x52,
  0xf0, 0x01, 0x10, 0x53, 0x49, 0xde, 0xc0, 0xff, 0x5e, 0x01, 0xf0, 0x02,
  0x79, 0xdc, 0xf6, 0xff, 0x0c, 0xe0, 0x1c, 0x00, 0x30, 0x53, 0x00, 0x52,
  0x10, 0x41, 0x99, 0xdd, 0xc0, 0xff, 0x03, 0x53, 0x1a, 0x43, 0x13, 0x53,
  0x16, 0x43, 0x5e, 0x01, 0x21, 0xc3, 0x01, 0x00, 0x1e, 0x43, 0x30, 0x53,
  0x12, 0x43, 0x10, 0x42, 0x03, 0x53, 0xb9, 0xdc, 0xf5, 0xff, 0x0c, 0xe0,
  0x07, 0x00, 0x23, 0x41, 0xe9, 0xd9, 0xee, 0xff, 0x08, 0xe0, 0x44, 0x00,
  0xf0, 0xcf, 0x40, 0x02, 0x07, 0x47, 0x0b, 0x46, 0x0f, 0x45, 0xfe, 0x0b,
  0x60, 0x6f, 0xbe, 0x10, 0x21, 0xc3, 0x8c, 0x01, 0x34, 0xc3, 0x80, 0xba,
  0x5e, 0x01, 0x5a, 0xc3, 0x1c, 0x00, 0x77, 0xb8, 0x0c, 0xe0, 0xf0, 0xff,
  0x5e, 0xc3, 0x1c, 0x00, 0x42, 0xa3, 0x30, 0x53, 0x00, 0x52, 0x10, 0x41,
  0xa9, 0xda, 0xc0, 0xff, 0x2b, 0x53, 0x16, 0x43, 0x06, 0x53, 0x1a, 0x43,
  0x30, 0x53, 0x12, 0x43, 0x5e, 0x01, 0x21, 0xc3, 0xb9, 0x03, 0x34, 0xc3,
  0x00, 0x01, 0x1e, 0x43, 0x10, 0x42, 0x03, 0x53, 0xa9, 0xd9, 0xf5, 0xff,
  0x0c, 0xe0, 0xd6, 0xff, 0x01, 0x53, 0x5e, 0xc2, 0x18, 0x00, 0x10, 0xb0,
  0x21, 0xc3, 0x19, 0x03, 0x34, 0xc3, 0x00, 0x75, 0xb0, 0xbf, 0x00, 0x53,
  0x00, 0x52, 0x5e, 0x01, 0xa9, 0xd9, 0xee, 0xff, 0x00, 0x53, 0x31, 0xf0,
  0x04, 0x00, 0x86, 0xbf, 0xfe, 0x50, 0x82, 0xbf, 0xff, 0x50, 0x7e, 0xbf,
  0x5e, 0x03, 0x01, 0x52, 0x50, 0xc6, 0x08, 0x00, 0x39, 0xc2, 0x0c, 0x00,
  0x5e, 0x01, 0x60, 0x02, 0xd9, 0xdf, 0xf5, 0xff, 0x0c, 0xe0, 0xb4, 0xff,
  0x04, 0x53, 0x63, 0x52, 0x60, 0x01, 0xf9, 0xdd, 0xed, 0xff, 0x02, 0xc3,
  0x10, 0x00, 0x00, 0x07, 0x05, 0xa3, 0x00, 0x57, 0x03, 0x53, 0x60, 0x52,
  0x60, 0x01, 0x59, 0xdd, 0xed, 0xff, 0x21, 0xc3, 0x04, 0x00, 0x16, 0x60,
  0x30, 0xc3, 0x38, 0x5e, 0x03, 0x93, 0x21, 0xc0, 0x04, 0x00, 0x00, 0xc0,
  0xb0, 0x5b, 0x70, 0x90, 0x3e, 0x03, 0x0b, 0x02, 0x5e, 0x01, 0x26, 0x13,
  0x01, 0x52, 0x5a, 0xc3, 0x18, 0x00, 0xd9, 0xd9, 0xf5, 0xff, 0x0c, 0xe0,
  0x8f, 0xff, 0x40, 0x46, 0x01, 0xc3, 0x00, 0x02, 0x00, 0x52, 0x60, 0x01,
  0xa9, 0xdc, 0xbf, 0xff, 0x30, 0x53, 0x00, 0x52, 0x10, 0x41, 0x59, 0xdc,
  0xbf, 0xff, 0x00, 0x53, 0x3a, 0x43, 0x1e, 0x43, 0x08, 0x53, 0x1a, 0x43,
  0x01, 0xc3, 0x14, 0x01, 0x16, 0x43, 0x5e, 0x01, 0x01, 0xc3, 0x00, 0x02,
  0x36, 0x43, 0x30, 0x53, 0x12, 0x43, 0x10, 0x42, 0x03, 0x53, 0x32, 0x46,
  0x29, 0xdb, 0xf4, 0xff, 0x0c, 0xe0, 0x6e, 0xff, 0xfc, 0xc3, 0x04, 0x01,
  0x35, 0xc3, 0x03, 0x00, 0x10, 0xe3, 0x70, 0xff, 0x04, 0xe3, 0x96, 0xff,
  0x00, 0x53, 0xde, 0xbe, 0xff, 0x50, 0x02, 0x70, 0xa0, 0x6f, 0x06, 0x47,
  0x87, 0x61, 0x21, 0xc3, 0xa0, 0xe0, 0x10, 0xc7, 0x41, 0x00, 0x0e, 0x45,
  0x0a, 0x46, 0x1a, 0x7b, 0x10, 0x06, 0x35, 0x90, 0x00, 0x54, 0x01, 0x53,
  0x01, 0x52, 0x70, 0x01, 0xfa, 0x0b, 0x79, 0xdc, 0xe1, 0xff, 0x00, 0x54,
  0x00, 0x53, 0x01, 0x52, 0x70, 0x01, 0xd9, 0xd9, 0xe1, 0xff, 0x24, 0xe6,
  0x0c, 0x00, 0x01, 0xd3, 0x00, 0x03, 0x5a, 0xc3, 0x08, 0x00, 0x0f, 0x53,
  0x5a, 0xc3, 0x14, 0x00, 0x03, 0x53, 0x5a, 0xc3, 0x0c, 0x00, 0x00, 0x53,
  0x5a, 0xc3, 0x20, 0x00, 0x5e, 0xc3, 0x20, 0x00, 0x11, 0x70, 0x07, 0x47,
  0x0b, 0x46, 0x0f, 0x45, 0xfe, 0x0b, 0x60, 0x6f, 0xbe, 0x10, 0x87, 0x61,
  0x21, 0xc3, 0xa0, 0xe0, 0x30, 0x90, 0x0e, 0xc3, 0x28, 0x00, 0x11, 0xa3,
  0x0e, 0xc3, 0x2c, 0x00, 0x01, 0xc3, 0x00, 0x06, 0x0a, 0xc3, 0x24, 0x00,
  0x02, 0x70, 0x0e, 0x03, 0xea, 0xbf, 0x87, 0x61, 0x21, 0xc3, 0xa0, 0xe0,
  0x30, 0x90, 0x00, 0x53, 0x0a, 0xc3, 0x08, 0x00, 0x01, 0x53, 0x0a, 0xc3,
  0x10, 0x00, 0x0e, 0xc3, 0x10, 0x00, 0x11, 0x70, 0x02, 0x70, 0x87, 0x61,
  0x21, 0xc3, 0xa0, 0xe0, 0x30, 0x90, 0x0a, 0xc2, 0x04, 0x00, 0x02, 0x70,
  0x87, 0x61, 0x21, 0xc3, 0xa0, 0xe0, 0x30, 0x90, 0x0e, 0xc0, 0x28, 0x00,
  0x02, 0x70, 0x87, 0x61, 0x21, 0xc3, 0xa0, 0xe0, 0x30, 0x90, 0x0e, 0x00,
  0x02, 0x70, 0x87, 0x61, 0x21, 0xc3, 0xa0, 0xe0, 0x30, 0x90, 0x00, 0x53,
  0x0a, 0xc3, 0x10, 0x00, 0x0e, 0xc3, 0x10, 0x00, 0x11, 0x70, 0x02, 0x70,
  0x21, 0xc3, 0x10, 0xe3, 0x34, 0xc3, 0x24, 0x01, 0x3e, 0x02, 0x24, 0xc2,
  0x01, 0x00, 0x3a, 0x02, 0x21, 0xc3, 0x10, 0xe3, 0x34, 0xc3, 0x90, 0x11,
  0x01, 0x52, 0x3a, 0x02, 0x21, 0xc3, 0x10, 0xe3, 0x34, 0xc3, 0xa0, 0x20,
  0x3a, 0x02, 0x19, 0xe0, 0x03, 0x00, 0x00, 0x00, 0x3e, 0x02, 0x03, 0xa2,
  0x21, 0xc3, 0x10, 0xe3, 0x34, 0xc3, 0xa0, 0x10, 0x00, 0x52, 0x3a, 0x02,
  0x19, 0xe0, 0x03, 0x00, 0x00, 0x00, 0x3e, 0x02, 0x02, 0xa2, 0x21, 0xc3,
  0x10, 0xe3, 0x34, 0xc3, 0x90, 0x11, 0x3a, 0x02, 0x19, 0xe0, 0x03, 0x00,
  0x00, 0x00, 0x3e, 0x02, 0x02, 0xa2, 0x38, 0xa1, 0x21, 0xc3, 0x03, 0xe0,
  0x21, 0xc2, 0x0f, 0x1c, 0x34, 0xc3, 0x24, 0x00, 0x24, 0xc2, 0x0e, 0x02,
  0x3a, 0x02, 0x21, 0xc2, 0x0f, 0x1c, 0x24, 0xc2, 0x0f, 0x02, 0x3a, 0x02,
  0x21, 0xc3, 0x07, 0xe0, 0x21, 0xc2, 0x0e, 0x02, 0x34, 0xc3, 0x08, 0x00,
  0x24, 0xc2, 0x0f, 0x02, 0x3a, 0x02, 0x01, 0x52, 0x21, 0xc3, 0x07, 0xe0,
  0x3a, 0x02, 0x02, 0x70, 0x21, 0xc3, 0x10, 0xe3, 0x34, 0xc3, 0xa4, 0x20,
  0x01, 0x52, 0x3a, 0x02, 0x19, 0xe0, 0x03, 0x00, 0x00, 0x00, 0x3e, 0x02,
  0x03, 0xa2, 0x21, 0xc3, 0x10, 0xe3, 0x34, 0xc3, 0xa4, 0x10, 0x00, 0x52,
  0x3a, 0x02, 0x19, 0xe0, 0x03, 0x00, 0x00, 0x00, 0x3e, 0x02, 0x02, 0xa2,
  0x02, 0x70, 0xa0, 0x6f, 0x1a, 0x7b, 0x0e, 0x45, 0x0a, 0x46, 0x06, 0x4b,
  0x04, 0xa1, 0xc7, 0xbf, 0x21, 0xc5, 0x04, 0x00, 0x01, 0xc1, 0x10, 0x27,
  0x50, 0xc5, 0xfc, 0x5e, 0x21, 0xc6, 0x04, 0x00, 0x29, 0xdc, 0x07, 0x00,
  0x60, 0xc6, 0xc0, 0x5e, 0x1c, 0x53, 0x00, 0x52, 0x50, 0x01, 0xd9, 0xdb,
  0xbd, 0xff, 0x20, 0x53, 0x00, 0x52, 0x60, 0x01, 0x89, 0xdb, 0xbd, 0xff,
  0x21, 0xc3, 0x06, 0xe0, 0x34, 0xc3, 0x60, 0x40, 0x01, 0x51, 0x3e, 0x02,
  0x50, 0x03, 0x8a, 0x62, 0x23, 0x12, 0x25, 0xc2, 0x01, 0x00, 0x29, 0xda,
  0xf9, 0xff, 0x0c, 0xe0, 0x10, 0x00, 0x21, 0xc3, 0x04, 0x00, 0x30, 0xc3,
  0xa0, 0x5e, 0x3a, 0xc5, 0x20, 0x00, 0x07, 0x4b, 0x60, 0x01, 0x0f, 0x45,
  0x0b, 0x46, 0x18, 0x7b, 0x60, 0x6f, 0xc8, 0xdf, 0x45, 0x04, 0x0b, 0x46,
  0x0f, 0x45, 0x07, 0x4b, 0x60, 0x6f, 0xbe, 0x10, 0xc0, 0x6f, 0x1a, 0x7b,
  0x06, 0x4b, 0x08, 0xa1, 0x23, 0xc1, 0x01, 0x00, 0xb5, 0xbe, 0x01, 0xc1,
  0x10, 0x27, 0x99, 0xd8, 0x07, 0x00, 0x21, 0xc1, 0x04, 0x00, 0x1c, 0x53,
  0x00, 0x52, 0x10, 0xc1, 0xe0, 0x5e, 0x39, 0xd8, 0xbd, 0xff, 0x21, 0xc1,
  0x04, 0x00, 0x20, 0x53, 0x00, 0x52, 0x10, 0xc1, 0xa0, 0x5e, 0xb9, 0xdf,
  0xbc, 0xff, 0x21, 0xc3, 0x06, 0xe0, 0x34, 0xc3, 0x60, 0x40, 0x00, 0x51,
  0x3e, 0x02, 0x21, 0xc3, 0x04, 0x00, 0x30, 0xc3, 0xe0, 0x5e, 0x82, 0x62,
  0x23, 0x12, 0x25, 0xc2, 0x01, 0x00, 0x29, 0xde, 0xf8, 0xff, 0x0c, 0xe0,
  0x10, 0x00, 0x21, 0xc1, 0x04, 0x00, 0x21, 0xc3, 0x04, 0x00, 0x10, 0xc1,
  0xa0, 0x5e, 0x30, 0xc3, 0xe0, 0x5e, 0x1a, 0x03, 0x07, 0x4b, 0x40, 0x6f,
  0x18, 0x7b, 0xd8, 0xda, 0x48, 0x04, 0x07, 0x4b, 0x40, 0x6f, 0xbe, 0x10,
  0xa0, 0x6f, 0x1a, 0x7b, 0x30, 0x04, 0x0e, 0x45, 0x0a, 0x46, 0x10, 0x05,
  0x06, 0x47, 0x20, 0x06, 0x30, 0x07, 0x20, 0x03, 0x10, 0x02, 0xc0, 0xd1,
  0x59, 0x04, 0xfa, 0x0b, 0x89, 0xdf, 0xc8, 0xff, 0x21, 0xc1, 0x04, 0x00,
  0x50, 0x02, 0x70, 0x04, 0x60, 0x03, 0x10, 0xc1, 0xc0, 0x5e, 0xe9, 0xd8,
  0xf6, 0xff, 0x00, 0x05, 0x08, 0xe0, 0x07, 0x00, 0x00, 0x02, 0xdc, 0xd1,
  0x59, 0x04, 0x79, 0xde, 0xc8, 0xff, 0x50, 0x00, 0x07, 0x47, 0x0b, 0x46,
  0x0f, 0x45, 0xfe, 0x0b, 0x60, 0x6f, 0xbe, 0x10, 0xa0, 0x6f, 0x1a, 0x7b,
  0x30, 0x04, 0x0e, 0x45, 0x0a, 0x46, 0x10, 0x05, 0x06, 0x47, 0x20, 0x06,
  0x30, 0x07, 0x20, 0x03, 0x10, 0x02, 0xfc, 0xd1, 0x59, 0x04, 0xfa, 0x0b,
  0x09, 0xdd, 0xc8, 0xff, 0x21, 0xc1, 0x04, 0x00, 0x50, 0x02, 0x70, 0x04,
  0x60, 0x03, 0x10, 0xc1, 0xc0, 0x5e, 0x49, 0xda, 0xf6, 0xff, 0x00, 0x05,
  0x08, 0xe0, 0x07, 0x00, 0x00, 0x02, 0x18, 0xd1, 0x5a, 0x04, 0xf9, 0xdb,
  0xc8, 0xff, 0x50, 0x00, 0x07, 0x47, 0x0b, 0x46, 0x0f, 0x45, 0xfe, 0x0b,
  0x60, 0x6f, 0xbe, 0x10, 0xa0, 0x6f, 0x1a, 0x7b, 0x30, 0x04, 0x0e, 0x45,
  0x0a, 0x46, 0x10, 0x05, 0x06, 0x47, 0x20, 0x06, 0x30, 0x07, 0x20, 0x03,
  0x10, 0x02, 0x3c, 0xd1, 0x5a, 0x04, 0xfa, 0x0b, 0x89, 0xda, 0xc8, 0xff,
  0x21, 0xc1, 0x04, 0x00, 0x50, 0x02, 0x70, 0x04, 0x60, 0x03, 0x10, 0xc1,
  0xa0, 0x5e, 0xa9, 0xdb, 0xf6, 0xff, 0x00, 0x05, 0x08, 0xe0, 0x07, 0x00,
  0x00, 0x02, 0x5c, 0xd1, 0x5a, 0x04, 0x79, 0xd9, 0xc8, 0xff, 0x50, 0x00,
  0x07, 0x47, 0x0b, 0x46, 0x0f, 0x45, 0xfe, 0x0b, 0x60, 0x6f, 0xbe, 0x10,
  0xa0, 0x6f, 0x1a, 0x7b, 0x30, 0x04, 0x0e, 0x45, 0x0a, 0x46, 0x10, 0x05,
  0x06, 0x47, 0x20, 0x06, 0x30, 0x07, 0x20, 0x03, 0x10, 0x02, 0x80, 0xd1,
  0x5a, 0x04, 0xfa, 0x0b, 0x09, 0xd8, 0xc8, 0xff, 0x21, 0xc1, 0x04, 0x00,
  0x50, 0x02, 0x70, 0x04, 0x60, 0x03, 0x10, 0xc1, 0xa0, 0x5e, 0x89, 0xde,
  0xf6, 0xff, 0x00, 0x05, 0x08, 0xe0, 0x07, 0x00, 0x00, 0x02, 0xa0, 0xd1,
  0x5a, 0x04, 0xf9, 0xde, 0xc7, 0xff, 0x50, 0x00, 0x07, 0x47, 0x0b, 0x46,
  0x0f, 0x45, 0xfe, 0x0b, 0x60, 0x6f, 0xbe, 0x10, 0xa0, 0x6f, 0x1a, 0x7b,
  0x0a, 0x46, 0x0e, 0x45, 0x06, 0x4b, 0x20, 0x00, 0x30, 0x06, 0x34, 0xa2,
  0x32, 0xa3, 0x21, 0xc5, 0x04, 0x00, 0x50, 0xc5, 0xa0, 0x5e, 0x2e, 0x61,
  0x15, 0x95, 0x5e, 0x03, 0x22, 0xa3, 0x20, 0x53, 0x50, 0x02, 0x00, 0x01,
  0x89, 0xdb, 0xbb, 0xff, 0x5e, 0x02, 0x1c, 0x53, 0x60, 0x01, 0x39, 0xdb,
  0xbb, 0xff, 0x00, 0x50, 0x0b, 0x46, 0x0f, 0x45, 0x07, 0x4b, 0x60, 0x6f,
  0xbe, 0x10, 0xff, 0x50, 0xf4, 0xbf, 0xa0, 0x6f, 0x1a, 0x7b, 0x0e, 0x45,
  0x06, 0x47, 0x0a, 0x46, 0xfa, 0x0b, 0x10, 0x05, 0x30, 0x07, 0x40, 0xa2,
  0x3e, 0xa3, 0x21, 0xc6, 0x04, 0x00, 0x2f, 0x61, 0x60, 0xc6, 0xa0, 0x5e,
  0x66, 0x90, 0x20, 0x53, 0x60, 0x01, 0x79, 0xd9, 0xbb, 0xff, 0x1c, 0x52,
  0x21, 0xc3, 0x04, 0x00, 0x26, 0x15, 0x30, 0xc3, 0xe0, 0x5e, 0x70, 0x02,
  0x35, 0x95, 0x50, 0x01, 0x1c, 0x53, 0xb9, 0xd8, 0xbb, 0xff, 0x00, 0x50,
  0x6a, 0x05, 0x07, 0x47, 0x0b, 0x46, 0x0f, 0x45, 0xfe, 0x0b, 0x60, 0x6f,
  0xbe, 0x10, 0xff, 0x50, 0xf2, 0xbf, 0xc0, 0x6f, 0x06, 0x45, 0x10, 0x05,
  0x1a, 0x7b, 0xc4, 0xd1, 0x5a, 0x04, 0x55, 0xc5, 0x01, 0x00, 0xfa, 0x0b,
  0x09, 0xd9, 0xc7, 0xff, 0x08, 0xa5, 0x01, 0x51, 0xe9, 0xdf, 0x04, 0x00,
  0x11, 0x70, 0xdc, 0xd1, 0x5a, 0x04, 0x79, 0xd8, 0xc7, 0xff, 0x00, 0x51,
  0xc9, 0xdb, 0xc0, 0xff, 0xf4, 0xd1, 0x5a, 0x04, 0x09, 0xd8, 0xc7, 0xff,
  0x00, 0x52, 0x00, 0x51, 0x99, 0xdb, 0xd4, 0xff, 0x24, 0xd1, 0x5b, 0x04,
  0x89, 0xdf, 0xc6, 0xff, 0x21, 0xc3, 0x10, 0xe3, 0x34, 0xc3, 0x40, 0x30,
  0x07, 0xd2, 0x00, 0x01, 0x3c, 0xd1, 0x5b, 0x04, 0x3a, 0x02, 0xd9, 0xde,
  0xc6, 0xff, 0x49, 0xd8, 0xe7, 0xff, 0xfe, 0x0b, 0x07, 0x45, 0x54, 0xd1,
  0x5b, 0x04, 0x40, 0x6f, 0x18, 0x7b, 0x08, 0xdf, 0x15, 0x04, 0xa0, 0x6f,
  0x1a, 0x7b, 0x31, 0x51, 0x06, 0x4b, 0x0e, 0x45, 0x0a, 0x46, 0xd9, 0xd8,
  0xca, 0xff, 0x20, 0x54, 0x01, 0x53, 0x21, 0xc2, 0x02, 0x00, 0x21, 0xc1,
  0x04, 0x00, 0x19, 0xdf, 0xc9, 0xff, 0x32, 0x51, 0x29, 0xd8, 0xca, 0xff,
  0x21, 0xc5, 0x04, 0x00, 0x21, 0xc6, 0x06, 0x00, 0x50, 0x01, 0x01, 0x54,
  0x10, 0x53, 0x00, 0x52, 0x40, 0x65, 0xd9, 0xdd, 0xd7, 0xff, 0x65, 0xe5,
  0xf9, 0xff, 0x33, 0x51, 0x29, 0xdf, 0xc9, 0xff, 0x07, 0x4b, 0x0b, 0x46,
  0x0f, 0x45, 0x01, 0xc2, 0xc8, 0x00, 0x18, 0x7b, 0x21, 0xc1, 0x01, 0x00,
  0x60, 0x6f, 0xc8, 0xde, 0x51, 0x04, 0x80, 0x6f, 0x87, 0x61, 0x21, 0xc3,
  0x03, 0xe2, 0x16, 0x45, 0x35, 0x90, 0x21, 0xc3, 0xc4, 0x38, 0x12, 0x46,
  0x34, 0xc3, 0x00, 0x14, 0x10, 0xc6, 0x48, 0x00, 0x1a, 0x7b, 0x0e, 0x47,
  0x0a, 0x48, 0x37, 0x91, 0x20, 0x08, 0x00, 0x54, 0x01, 0x53, 0x01, 0x52,
  0x60, 0x01, 0x06, 0x4b, 0x29, 0xda, 0xdc, 0xff, 0x00, 0x53, 0x01, 0x52,
  0x60, 0x01, 0x00, 0x54, 0x89, 0xdf, 0xdb, 0xff, 0x16, 0x67, 0x00, 0x53,
  0x03, 0x52, 0x5a, 0xc3, 0x04, 0x00, 0x01, 0xc1, 0x03, 0x03, 0x7a, 0x08,
  0x5a, 0xc2, 0x20, 0x00, 0x01, 0x52, 0x5a, 0xc2, 0x10, 0x00, 0x5a, 0xc3,
  0x30, 0x00, 0x5a, 0xc1, 0x60, 0x00, 0x5a, 0xc3, 0x40, 0x00, 0x5a, 0xc3,
  0x50, 0x00, 0x01, 0xd3, 0x00, 0x01, 0x5a, 0xc3, 0x64, 0x00, 0x5a, 0xc2,
  0x04, 0x00, 0x5e, 0xc3, 0x28, 0x00, 0x35, 0xc3, 0x00, 0x02, 0x10, 0xa3,
  0x0b, 0x48, 0x0f, 0x47, 0x13, 0x46, 0x17, 0x45, 0x07, 0x4b, 0x20, 0x4f,
  0xbe, 0x10, 0x11, 0x70, 0xe6, 0xbf, 0x87, 0x61, 0x21, 0xc3, 0x03, 0xe2,
  0x30, 0x90, 0x0e, 0xc3, 0x28, 0x00, 0x35, 0xc3, 0x00, 0x01, 0x08, 0xa3,
  0x0a, 0xc2, 0x70, 0x00, 0x02, 0x70, 0x11, 0x70, 0xee, 0xbf, 0x87, 0x61,
  0x21, 0xc1, 0x03, 0xe2, 0x10, 0x90, 0xff, 0x51, 0x0e, 0xc9, 0x68, 0x00,
  0x95, 0xc9, 0x3f, 0x00, 0x0b, 0xa9, 0x1d, 0xa3, 0xfc, 0x62, 0x15, 0xe2,
  0x0c, 0x00, 0x0e, 0xc3, 0x78, 0x00, 0x21, 0xc0, 0x00, 0x80, 0x35, 0xc3,
  0xff, 0x00, 0x04, 0xa9, 0x00, 0x50, 0x30, 0x10, 0x02, 0x70, 0x11, 0x70,
  0xd8, 0xbf, 0x7c, 0xe1, 0x06, 0x00, 0x21, 0xc3, 0x04, 0x00, 0x3e, 0xc1,
  0x58, 0x5e, 0x86, 0x61, 0x21, 0xc3, 0x03, 0xe2, 0x31, 0x91, 0x00, 0x50,
  0x1e, 0xc3, 0x68, 0x00, 0x35, 0xc3, 0x3f, 0x00, 0x09, 0xa3, 0x05, 0xc0,
  0xff, 0x00, 0x02, 0x70, 0x1e, 0xc0, 0x78, 0x00, 0xec, 0xbf, 0xa0, 0x6f,
  0x1a, 0x7b, 0x0e, 0x45, 0x0a, 0x46, 0x06, 0x4b, 0x10, 0x06, 0x20, 0x05,
  0x7c, 0xe1, 0x06, 0x00, 0x21, 0xc3, 0x04, 0x00, 0x3e, 0xc6, 0x58, 0x5e,
  0x5c, 0x03, 0x0d, 0xa3, 0x0b, 0x46, 0x0f, 0x45, 0x07, 0x4b, 0x60, 0x6f,
  0xbe, 0x10, 0xa4, 0xe3, 0x05, 0x00, 0x0d, 0x52, 0x60, 0x01, 0x55, 0xbf,
  0x04, 0x65, 0x5c, 0xc2, 0xff, 0xff, 0x60, 0x01, 0x4b, 0xbf, 0xde, 0xbf,
  0xa0, 0x6f, 0x1a, 0x7b, 0x0e, 0x45, 0x0a, 0x46, 0x06, 0x47, 0xfa, 0x0b,
  0x10, 0x06, 0x20, 0x05, 0x7c, 0xe1, 0x06, 0x00, 0x21, 0xc2, 0x04, 0x00,
  0x2e, 0xc6, 0x58, 0x5e, 0x37, 0x95, 0x71, 0xe5, 0x04, 0x00, 0x5c, 0x03,
  0x0f, 0xa3, 0x07, 0x47, 0x0b, 0x46, 0x0f, 0x45, 0xfe, 0x0b, 0x60, 0x6f,
  0xbe, 0x10, 0xa4, 0xe3, 0x05, 0x00, 0x0d, 0x52, 0x60, 0x01, 0x0d, 0xbf,
  0x04, 0x65, 0x5c, 0xc2, 0xff, 0xff, 0x60, 0x01, 0x03, 0xbf, 0xd8, 0xbf,
  0xf0, 0xcf, 0xd8, 0xff, 0x1a, 0x7b, 0x1a, 0x46, 0x16, 0x47, 0x12, 0x48,
  0x1e, 0x45, 0x0e, 0x4b, 0x10, 0x06, 0x20, 0x07, 0x30, 0x09, 0x40, 0x08,
  0x7c, 0xe1, 0x06, 0x00, 0x21, 0xc3, 0x04, 0x00, 0x3e, 0xc6, 0x58, 0x5e,
  0x70, 0x05, 0x83, 0xca, 0x01, 0x00, 0x50, 0x00, 0x74, 0x00, 0x92, 0x00,
  0x11, 0xa0, 0x13, 0x48, 0x17, 0x47, 0x1b, 0x46, 0x1f, 0x45, 0x0f, 0x4b,
  0x28, 0x4f, 0xbe, 0x10, 0xa0, 0x03, 0x80, 0x02, 0x60, 0x01, 0x06, 0x49,
  0xfa, 0x0a, 0xd1, 0xbe, 0x07, 0x49, 0xfe, 0x0a, 0x0c, 0xe0, 0x05, 0x00,
  0x58, 0x00, 0x04, 0x65, 0xd2, 0xbf, 0xff, 0x50, 0xd6, 0xbf, 0xf0, 0xcf,
  0xd8, 0xff, 0x1a, 0x7b, 0x16, 0x47, 0x12, 0x48, 0x1e, 0x45, 0x1a, 0x46,
  0x0e, 0x4b, 0x10, 0x07, 0x30, 0x09, 0x40, 0x08, 0x7c, 0xe1, 0x06, 0x00,
  0x21, 0xc3, 0x04, 0x00, 0x3e, 0xc7, 0x58, 0x5e, 0x20, 0x05, 0x00, 0x56,
  0x83, 0xca, 0x01, 0x00, 0x92, 0x06, 0x16, 0xa0, 0xa0, 0x03, 0x80, 0x02,
  0x70, 0x01, 0x06, 0x49, 0xfa, 0x0a, 0x85, 0xbe, 0x07, 0x49, 0xfe, 0x0a,
  0x08, 0xe0, 0x0a, 0x00, 0xff, 0x50, 0x13, 0x48, 0x17, 0x47, 0x1b, 0x46,
  0x1f, 0x45, 0x0f, 0x4b, 0x28, 0x4f, 0xbe, 0x10, 0x0d, 0x10, 0x58, 0x00,
  0xa4, 0xe0, 0x07, 0x00, 0x0a, 0xa6, 0x5c, 0xc3, 0xff, 0xff, 0xd0, 0xe3,
  0x05, 0x00, 0x04, 0x66, 0x04, 0x65, 0xc2, 0xbf, 0x00, 0x50, 0xd8, 0xbf,
  0xe0, 0x6f, 0x00, 0x53, 0x00, 0x59, 0xfa, 0x03, 0xfe, 0x00, 0x12, 0x00,
  0x07, 0xa0, 0x20, 0x6f, 0x02, 0x70, 0x06, 0x49, 0x07, 0x40, 0x22, 0x00,
  0x0b, 0xa0, 0xfe, 0x03, 0x04, 0x63, 0xfa, 0x03, 0xe8, 0xbf, 0x07, 0x43,
  0x04, 0x63, 0x06, 0x43, 0xec, 0xbf, 0x21, 0xc0, 0x6f, 0x6a, 0x04, 0xc0,
  0x16, 0xd6, 0x02, 0x70, 0xc0, 0x6f, 0x1a, 0x7b, 0x00, 0x52, 0x03, 0x51,
  0x06, 0x4b, 0x79, 0xdc, 0x01, 0x00, 0x21, 0xc2, 0x77, 0x07, 0x24, 0xc2,
  0x77, 0x77, 0x04, 0x51, 0x09, 0xdc, 0x01, 0x00, 0x01, 0xc2, 0x7f, 0x77,
  0x05, 0x51, 0xb9, 0xdb, 0x01, 0x00, 0x00, 0x52, 0x06, 0x51, 0x79, 0xdb,
  0x01, 0x00, 0x00, 0x52, 0x07, 0x51, 0x39, 0xdb, 0x01, 0x00, 0x01, 0xc2,
  0x00, 0x06, 0x00, 0x51, 0xe9, 0xda, 0x01, 0x00, 0x01, 0xc2, 0x00, 0x01,
  0x02, 0x51, 0x99, 0xda, 0x01, 0x00, 0x0b, 0x70, 0x04, 0xc0, 0x10, 0x01,
  0x09, 0x70, 0x21, 0xc2, 0x02, 0xe0, 0x2e, 0x03, 0x34, 0xc3, 0x0f, 0x00,
  0x2a, 0x03, 0x07, 0x4b, 0x40, 0x6f, 0xbe, 0x10, 0x21, 0xc0, 0x5a, 0xd1,
  0x04, 0xc0, 0xed, 0xb2, 0x02, 0x70, 0xea, 0x00, 0xea, 0xc1, 0x04, 0x00,
  0xea, 0xc2, 0x08, 0x00, 0xea, 0xc3, 0x0c, 0x00, 0xea, 0xc4, 0x10, 0x00,
  0xea, 0xc5, 0x14, 0x00, 0xea, 0xc6, 0x18, 0x00, 0xea, 0xc7, 0x1c, 0x00,
  0xea, 0xc8, 0x20, 0x00, 0xea, 0xc9, 0x24, 0x00, 0xea, 0xca, 0x28, 0x00,
  0xea, 0xcb, 0x2c, 0x00, 0xea, 0xcc, 0x30, 0x00, 0xea, 0xcd, 0x34, 0x00,
  0xea, 0xce, 0x38, 0x00, 0xea, 0xcf, 0x3c, 0x00, 0x0a, 0x70, 0xea, 0xc0,
  0x40, 0x00, 0x1a, 0x70, 0xea, 0xc0, 0x44, 0x00, 0x2a, 0x70, 0xea, 0xc0,
  0x48, 0x00, 0x3a, 0x70, 0xea, 0xc0, 0x4c, 0x00, 0x4a, 0x70, 0xea, 0xc0,
  0x50, 0x00, 0x5a, 0x70, 0xea, 0xc0, 0x54, 0x00, 0x6a, 0x70, 0xea, 0xc0,
  0x58, 0x00, 0x7a, 0x70, 0xea, 0xc0, 0x5c, 0x00, 0x8a, 0x70, 0xea, 0xc0,
  0x60, 0x00, 0x9a, 0x70, 0x0a, 0xc0, 0x64, 0x00, 0xaa, 0x70, 0xea, 0xc0,
  0x68, 0x00, 0xba, 0x70, 0xea, 0xc0, 0x6c, 0x00, 0xca, 0x70, 0xea, 0xc0,
  0x70, 0x00, 0xda, 0x70, 0xea, 0xc0, 0x74, 0x00, 0xea, 0x70, 0xea, 0xc0,
  0x78, 0x00, 0xfa, 0x70, 0xea, 0xc0, 0x7c, 0x00, 0x0b, 0x70, 0xea, 0xc0,
  0x80, 0x00, 0x1b, 0x70, 0xea, 0xc0, 0x84, 0x00, 0x2b, 0x70, 0xea, 0xc0,
  0x88, 0x00, 0x3b, 0x70, 0xea, 0xc0, 0x8c, 0x00, 0x4b, 0x70, 0xea, 0xc0,
  0x90, 0x00, 0x5b, 0x70, 0xea, 0xc0, 0x94, 0x00, 0x6b, 0x70, 0xea, 0xc0,
  0x98, 0x00, 0x7b, 0x70, 0xea, 0xc0, 0x9c, 0x00, 0x8b, 0x70, 0xea, 0xc0,
  0xa0, 0x00, 0x9b, 0x70, 0xea, 0xc0, 0xa4, 0x00, 0xab, 0x70, 0xea, 0xc0,
  0xa8, 0x00, 0xbb, 0x70, 0xea, 0xc0, 0xac, 0x00, 0xcb, 0x70, 0xea, 0xc0,
  0xb0, 0x00, 0xdb, 0x70, 0xea, 0xc0, 0xb4, 0x00, 0xeb, 0x70, 0xea, 0xc0,
  0xb8, 0x00, 0xfb, 0x70, 0xea, 0xc0, 0xbc, 0x00, 0x78, 0xdb, 0x19, 0x04,
  0x10, 0xc1, 0xff, 0xff, 0xfd, 0xa1, 0x02, 0x70, 0x9c, 0xd3, 0x53, 0x04,
  0x39, 0x01, 0x00, 0x00, 0x00, 0x00, 0x00, 0x00, 0x00, 0x00, 0x00, 0x00,
  0x00, 0x00, 0x00, 0x00, 0x00, 0x00, 0x14, 0xf0, 0x00, 0x00, 0x00, 0x00,
  0x00, 0x00, 0x02, 0x70, 0xbc, 0xd3, 0x53, 0x04, 0x39, 0x01, 0x00, 0x00,
  0x00, 0x00, 0x00, 0x00, 0x00, 0x00, 0x00, 0x00, 0x00, 0x00, 0x00, 0x00,
  0x00, 0x00, 0x04, 0xf2, 0x00, 0x00, 0x00, 0x00, 0x00, 0x00, 0x02, 0x70,
  0x0f, 0xa1, 0x1a, 0x70, 0x99, 0x70, 0x00, 0x00, 0x13, 0x70, 0x00, 0x00,
  0x04, 0xb0, 0x33, 0x70, 0x00, 0x00, 0x02, 0x70, 0x5b, 0x70, 0x0a, 0xa1,
  0x04, 0xc0, 0x02, 0x00, 0x59, 0x70, 0x08, 0xb0, 0xfd, 0x51, 0x11, 0x10,
  0x59, 0x70, 0x11, 0x70, 0x5b, 0x70, 0x05, 0xc0, 0x02, 0x00, 0x0d, 0x60,
  0x06, 0xc0, 0x01, 0x00, 0x8d, 0x10, 0x02, 0x70, 0x5b, 0x42, 0x4f, 0x42,
  0x5d, 0x20, 0x63, 0x6f, 0x70, 0x79, 0x20, 0x61, 0x6c, 0x69, 0x63, 0x65,
  0x20, 0x74, 0x6f, 0x20, 0x25, 0x58, 0x5b, 0x25, 0x58, 0x5d, 0x0a, 0x00,
  0x5b, 0x42, 0x4f, 0x42, 0x5d, 0x20, 0x66, 0x61, 0x69, 0x6c, 0x65, 0x64,
  0x20, 0x74, 0x6f, 0x20, 0x63, 0x6c, 0x65, 0x61, 0x72, 0x20, 0x64, 0x73,
  0x74, 0x20, 0x61, 0x72, 0x65, 0x61, 0x0a, 0x00, 0x5b, 0x42, 0x4f, 0x42,
  0x5d, 0x20, 0x73, 0x65, 0x74, 0x20, 0x61, 0x6c, 0x69, 0x63, 0x65, 0x20,
  0x75, 0x61, 0x72, 0x74, 0x20, 0x74, 0x6f, 0x20, 0x25, 0x58, 0x5b, 0x25,
  0x58, 0x5d, 0x0a, 0x00, 0x5b, 0x42, 0x4f, 0x42, 0x5d, 0x20, 0x61, 0x6c,
  0x69, 0x63, 0x65, 0x20, 0x6c, 0x6f, 0x61, 0x64, 0x65, 0x64, 0x0a, 0x00,
  0x5b, 0x42, 0x4f, 0x42, 0x5d, 0x20, 0x6b, 0x69, 0x6c, 0x6c, 0x69, 0x6e,
  0x67, 0x20, 0x61, 0x72, 0x6d, 0x2e, 0x2e, 0x2e, 0x0a, 0x00, 0x00, 0x00,
  0x5b, 0x42, 0x4f, 0x42, 0x5d, 0x20, 0x65, 0x78, 0x65, 0x63, 0x20, 0x25,
  0x58, 0x28, 0x25, 0x58, 0x2c, 0x20, 0x25, 0x58, 0x2c, 0x20, 0x25, 0x58,
  0x29, 0x0a, 0x00, 0x00, 0x5b, 0x42, 0x4f, 0x42, 0x5d, 0x20, 0x67, 0x6f,
  0x74, 0x20, 0x61, 0x6c, 0x69, 0x63, 0x65, 0x20, 0x63, 0x6d, 0x64, 0x20,
  0x25, 0x58, 0x20, 0x28, 0x25, 0x58, 0x2c, 0x20, 0x25, 0x58, 0x2c, 0x20,
  0x25, 0x58, 0x29, 0x0a, 0x00, 0x00, 0x00, 0x00, 0x5b, 0x42, 0x4f, 0x42,
  0x5d, 0x20, 0x61, 0x6c, 0x69, 0x63, 0x65, 0x20, 0x63, 0x6d, 0x64, 0x20,
  0x73, 0x65, 0x74, 0x5f, 0x62, 0x32, 0x61, 0x5f, 0x73, 0x68, 0x62, 0x75,
  0x66, 0x3a, 0x20, 0x69, 0x6e, 0x76, 0x61, 0x6c, 0x69, 0x64, 0x20, 0x73,
  0x69, 0x7a, 0x65, 0x20, 0x25, 0x58, 0x0a, 0x00, 0x5b, 0x42, 0x4f, 0x42,
  0x5d, 0x20, 0x61, 0x6c, 0x69, 0x63, 0x65, 0x20, 0x63, 0x6d, 0x64, 0x20,
  0x25, 0x58, 0x20, 0x64, 0x6f, 0x6e, 0x65, 0x2c, 0x20, 0x72, 0x65, 0x74,
  0x20, 0x25, 0x58, 0x0a, 0x00, 0x00, 0x00, 0x00, 0x41, 0x52, 0x4d, 0x00,
  0x4e, 0x4f, 0x45, 0x58, 0x49, 0x54, 0x00, 0x00, 0x50, 0x53, 0x57, 0x00,
  0x25, 0x58, 0x3a, 0x20, 0x00, 0x00, 0x00, 0x00, 0x0a, 0x00, 0x00, 0x00,
  0x5b, 0x42, 0x4f, 0x42, 0x5d, 0x20, 0x72, 0x65, 0x67, 0x64, 0x75, 0x6d,
  0x70, 0x20, 0x63, 0x61, 0x6c, 0x6c, 0x65, 0x64, 0x20, 0x77, 0x68, 0x65,
  0x6e, 0x20, 0x64, 0x69, 0x73, 0x61, 0x62, 0x6c, 0x65, 0x64, 0x21, 0x00,
  0x5b, 0x42, 0x4f, 0x42, 0x5d, 0x20, 0x77, 0x61, 0x72, 0x6e, 0x69, 0x6e,
  0x67, 0x3a, 0x20, 0x64, 0x69, 0x64, 0x20, 0x72, 0x65, 0x73, 0x65, 0x74,
  0x0a, 0x00, 0x00, 0x00, 0x5b, 0x42, 0x4f, 0x42, 0x5d, 0x20, 0x65, 0x6e,
  0x74, 0x65, 0x72, 0x69, 0x6e, 0x67, 0x20, 0x53, 0x57, 0x49, 0x20, 0x25,
  0x58, 0x20, 0x25, 0x58, 0x20, 0x25, 0x58, 0x20, 0x25, 0x58, 0x0a, 0x00,
  0x5b, 0x42, 0x4f, 0x42, 0x5d, 0x20, 0x65, 0x78, 0x69, 0x74, 0x69, 0x6e,
  0x67, 0x20, 0x53, 0x57, 0x49, 0x0a, 0x00, 0x00, 0x5b, 0x42, 0x4f, 0x42,
  0x5d, 0x20, 0x65, 0x6e, 0x74, 0x65, 0x72, 0x69, 0x6e, 0x67, 0x20, 0x49,
  0x52, 0x51, 0x0a, 0x00, 0x5b, 0x42, 0x4f, 0x42, 0x5d, 0x20, 0x65, 0x78,
  0x69, 0x74, 0x69, 0x6e, 0x67, 0x20, 0x49, 0x52, 0x51, 0x0a, 0x00, 0x00,
  0x5b, 0x42, 0x4f, 0x42, 0x5d, 0x20, 0x65, 0x6e, 0x74, 0x65, 0x72, 0x69,
  0x6e, 0x67, 0x20, 0x41, 0x52, 0x4d, 0x20, 0x72, 0x65, 0x71, 0x20, 0x25,
  0x58, 0x0a, 0x00, 0x00, 0x5b, 0x42, 0x4f, 0x42, 0x5d, 0x20, 0x65, 0x78,
  0x69, 0x74, 0x69, 0x6e, 0x67, 0x20, 0x41, 0x52, 0x4d, 0x20, 0x72, 0x65,
  0x71, 0x20, 0x25, 0x58, 0x0a, 0x00, 0x00, 0x00, 0x5b, 0x42, 0x4f, 0x42,
  0x5d, 0x20, 0x55, 0x4e, 0x4b, 0x20, 0x49, 0x4e, 0x54, 0x45, 0x52, 0x52,
  0x55, 0x50, 0x54, 0x3a, 0x20, 0x25, 0x58, 0x20, 0x40, 0x20, 0x25, 0x58,
  0x0a, 0x00, 0x00, 0x00, 0x5b, 0x42, 0x4f, 0x42, 0x5d, 0x20, 0x55, 0x4e,
  0x4b, 0x20, 0x45, 0x58, 0x43, 0x45, 0x50, 0x54, 0x49, 0x4f, 0x4e, 0x3a,
  0x20, 0x25, 0x58, 0x20, 0x40, 0x20, 0x25, 0x58, 0x0a, 0x00, 0x00, 0x00,
  0x5b, 0x42, 0x4f, 0x42, 0x5d, 0x20, 0x50, 0x41, 0x4e, 0x49, 0x43, 0x3a,
  0x20, 0x25, 0x73, 0x20, 0x7c, 0x20, 0x25, 0x58, 0x0a, 0x00, 0x00, 0x00,
  0x5b, 0x42, 0x4f, 0x42, 0x5d, 0x20, 0x47, 0x4f, 0x54, 0x20, 0x44, 0x42,
  0x47, 0x20, 0x49, 0x4e, 0x54, 0x45, 0x52, 0x52, 0x55, 0x50, 0x54, 0x0a,
  0x00, 0x00, 0x00, 0x00, 0x70, 0x69, 0x6e, 0x67, 0x20, 0x70, 0x6f, 0x6e,
  0x67, 0x20, 0x64, 0x69, 0x6e, 0x67, 0x20, 0x64, 0x6f, 0x6e, 0x67, 0x20,
  0x00, 0x00, 0x00, 0x00, 0x5b, 0x42, 0x4f, 0x42, 0x5d, 0x20, 0x67, 0x6c,
  0x69, 0x74, 0x63, 0x68, 0x5f, 0x69, 0x6e, 0x69, 0x74, 0x20, 0x62, 0x6f,
  0x62, 0x20, 0x5b, 0x25, 0x58, 0x5d, 0x2c, 0x20, 0x6d, 0x65, 0x20, 0x40,
  0x20, 0x25, 0x58, 0x0a, 0x00, 0x00, 0x00, 0x00, 0x5b, 0x42, 0x4f, 0x42,
  0x5d, 0x20, 0x65, 0x72, 0x6e, 0x69, 0x65, 0x20, 0x69, 0x6e, 0x69, 0x74,
  0x0a, 0x00, 0x00, 0x00, 0x5b, 0x42, 0x4f, 0x42, 0x5d, 0x20, 0x6a, 0x69,
  0x67, 0x20, 0x69, 0x6e, 0x69, 0x74, 0x0a, 0x00, 0x5b, 0x42, 0x4f, 0x42,
  0x5d, 0x20, 0x69, 0x63, 0x61, 0x63, 0x68, 0x65, 0x20, 0x6f, 0x66, 0x66,
  0x2c, 0x20, 0x63, 0x6c, 0x65, 0x61, 0x6e, 0x75, 0x70, 0x2c, 0x20, 0x6d,
  0x6f, 0x76, 0x65, 0x20, 0x73, 0x74, 0x61, 0x63, 0x6b, 0x20, 0x26, 0x20,
  0x65, 0x78, 0x69, 0x74, 0x20, 0x74, 0x6f, 0x20, 0x72, 0x70, 0x63, 0x0a,
  0x00, 0x00, 0x00, 0x00, 0x47, 0x52, 0x45, 0x54, 0x00, 0x00, 0x00, 0x00,
  0x43, 0x46, 0x47, 0x50, 0x00, 0x00, 0x00, 0x00, 0x5b, 0x42, 0x4f, 0x42,
  0x5d, 0x20, 0x69, 0x6e, 0x69, 0x74, 0x20, 0x62, 0x6f, 0x62, 0x20, 0x5b,
  0x25, 0x58, 0x5d, 0x2c, 0x20, 0x6d, 0x65, 0x20, 0x40, 0x20, 0x25, 0x58,
  0x0a, 0x00, 0x00, 0x00, 0x5b, 0x42, 0x4f, 0x42, 0x5d, 0x20, 0x57, 0x3a,
  0x20, 0x72, 0x65, 0x67, 0x62, 0x75, 0x73, 0x20, 0x6e, 0x6f, 0x74, 0x20,
  0x72, 0x65, 0x61, 0x64, 0x79, 0x2c, 0x20, 0x69, 0x6e, 0x69, 0x74, 0x69,
  0x61, 0x6c, 0x69, 0x7a, 0x69, 0x6e, 0x67, 0x2e, 0x2e, 0x0a, 0x00, 0x00,
  0x5b, 0x42, 0x4f, 0x42, 0x5d, 0x20, 0x70, 0x75, 0x74, 0x20, 0x41, 0x47,
  0x58, 0x20, 0x69, 0x6e, 0x74, 0x6f, 0x20, 0x72, 0x65, 0x73, 0x65, 0x74,
  0x0a, 0x00, 0x00, 0x00, 0x5b, 0x42, 0x4f, 0x42, 0x5d, 0x20, 0x73, 0x70,
  0x69, 0x6e, 0x20, 0x75, 0x70, 0x20, 0x41, 0x47, 0x58, 0x20, 0x63, 0x6c,
  0x6f, 0x63, 0x6b, 0x73, 0x0a, 0x00, 0x00, 0x00, 0x5b, 0x42, 0x4f, 0x42,
  0x5d, 0x20, 0x63, 0x6f, 0x70, 0x79, 0x20, 0x72, 0x65, 0x67, 0x69, 0x6e,
  0x61, 0x20, 0x74, 0x6f, 0x20, 0x25, 0x58, 0x5b, 0x25, 0x58, 0x5d, 0x0a,
  0x00, 0x00, 0x00, 0x00, 0x5b, 0x42, 0x4f, 0x42, 0x5d, 0x20, 0x66, 0x61,
  0x69, 0x6c, 0x65, 0x64, 0x20, 0x74, 0x6f, 0x20, 0x63, 0x6c, 0x65, 0x61,
  0x72, 0x20, 0x64, 0x73, 0x74, 0x20, 0x61, 0x72, 0x65, 0x61, 0x0a, 0x00,
  0x5b, 0x42, 0x4f, 0x42, 0x5d, 0x20, 0x73, 0x65, 0x74, 0x20, 0x41, 0x43,
  0x4c, 0x0a, 0x00, 0x00, 0x5b, 0x42, 0x4f, 0x42, 0x5d, 0x20, 0x70, 0x75,
  0x74, 0x20, 0x41, 0x47, 0x58, 0x20, 0x6f, 0x75, 0x74, 0x20, 0x6f, 0x66,
  0x20, 0x72, 0x65, 0x73, 0x65, 0x74, 0x0a, 0x00, 0x5b, 0x42, 0x4f, 0x42,
  0x5d, 0x20, 0x72, 0x65, 0x67, 0x69, 0x6e, 0x61, 0x5f, 0x73, 0x65, 0x6e,
  0x64, 0x43, 0x6d, 0x64, 0x3a, 0x20, 0x72, 0x70, 0x63, 0x5f, 0x73, 0x74,
  0x61, 0x74, 0x75, 0x73, 0x20, 0x21, 0x3d, 0x20, 0x52, 0x45, 0x41, 0x44,
  0x59, 0x2c, 0x20, 0x77, 0x61, 0x69, 0x74, 0x0a, 0x00, 0x00, 0x00, 0x00,
  0x5b, 0x42, 0x4f, 0x42, 0x5d, 0x20, 0x72, 0x65, 0x67, 0x69, 0x6e, 0x61,
  0x5f, 0x73, 0x65, 0x6e, 0x64, 0x43, 0x6d, 0x64, 0x3a, 0x20, 0x72, 0x70,
  0x63, 0x5f, 0x73, 0x74, 0x61, 0x74, 0x75, 0x73, 0x20, 0x21, 0x3d, 0x20,
  0x52, 0x45, 0x41, 0x44, 0x59, 0x2c, 0x20, 0x74, 0x69, 0x6d, 0x65, 0x64,
  0x20, 0x6f, 0x75, 0x74, 0x0a, 0x00, 0x00, 0x00, 0x5b, 0x42, 0x4f, 0x42,
  0x5d, 0x20, 0x72, 0x65, 0x67, 0x69, 0x6e, 0x61, 0x5f, 0x73, 0x65, 0x6e,
  0x64, 0x43, 0x6d, 0x64, 0x3a, 0x20, 0x72, 0x70, 0x63, 0x5f, 0x73, 0x74,
  0x61, 0x74, 0x75, 0x73, 0x20, 0x21, 0x3d, 0x20, 0x52, 0x45, 0x50, 0x4c,
  0x59, 0x2c, 0x20, 0x74, 0x69, 0x6d, 0x65, 0x64, 0x20, 0x6f, 0x75, 0x74,
  0x0a, 0x00, 0x00, 0x00, 0x5b, 0x42, 0x4f, 0x42, 0x5d, 0x20, 0x52, 0x50,
  0x43, 0x20, 0x43, 0x4d, 0x44, 0x20, 0x25, 0x58, 0x0a, 0x00, 0x00, 0x00,
  0x5b, 0x42, 0x4f, 0x42, 0x5d, 0x20, 0x52, 0x50, 0x43, 0x20, 0x45, 0x58,
  0x45, 0x43, 0x20, 0x25, 0x58, 0x0a, 0x00, 0x00, 0x5b, 0x42, 0x4f, 0x42,
  0x5d, 0x20, 0x52, 0x50, 0x43, 0x20, 0x45, 0x58, 0x45, 0x43, 0x45, 0x20,
  0x25, 0x58, 0x0a, 0x00, 0x5b, 0x42, 0x4f, 0x42, 0x5d, 0x20, 0x52, 0x50,
  0x43, 0x20, 0x52, 0x45, 0x54, 0x20, 0x25, 0x58, 0x0a, 0x00, 0x00, 0x00,
  0x3f, 0x50, 0x43, 0x5f, 0x47, 0x30, 0x0a, 0x00, 0x3f, 0x50, 0x43, 0x5f,
  0x45, 0x31, 0x0a, 0x00, 0x3f, 0x50, 0x43, 0x5f, 0x25, 0x58, 0x0a, 0x00,
  0x3f, 0x50, 0x43, 0x5f, 0x47, 0x31, 0x0a, 0x00, 0x5b, 0x42, 0x4f, 0x42,
  0x5d, 0x20, 0x52, 0x50, 0x43, 0x20, 0x6d, 0x6f, 0x64, 0x65, 0x20, 0x64,
  0x69, 0x73, 0x61, 0x62, 0x6c, 0x65, 0x64, 0x2c, 0x20, 0x73, 0x74, 0x61,
  0x74, 0x75, 0x73, 0x3a, 0x20, 0x25, 0x58, 0x0a, 0x00, 0x00, 0x00, 0x00,
  0x5b, 0x42, 0x4f, 0x42, 0x5d, 0x20, 0x65, 0x6e, 0x74, 0x65, 0x72, 0x69,
  0x6e, 0x67, 0x20, 0x52, 0x50, 0x43, 0x20, 0x6d, 0x6f, 0x64, 0x65, 0x2c,
  0x20, 0x64, 0x65, 0x6c, 0x61, 0x79, 0x20, 0x25, 0x58, 0x0a, 0x00, 0x00,
  0x5b, 0x42, 0x4f, 0x42, 0x5d, 0x20, 0x52, 0x50, 0x43, 0x20, 0x62, 0x6c,
  0x6f, 0x63, 0x6b, 0x65, 0x64, 0x0a, 0x00, 0x00, 0x5b, 0x42, 0x4f, 0x42,
  0x5d, 0x20, 0x52, 0x50, 0x43, 0x20, 0x75, 0x6e, 0x62, 0x6c, 0x6f, 0x63,
  0x6b, 0x65, 0x64, 0x0a, 0x00, 0x00, 0x00, 0x00, 0x5b, 0x42, 0x4f, 0x42,
  0x5d, 0x20, 0x65, 0x78, 0x69, 0x74, 0x69, 0x6e, 0x67, 0x20, 0x52, 0x50,
  0x43, 0x20, 0x6d, 0x6f, 0x64, 0x65, 0x0a, 0x00, 0x5b, 0x42, 0x4f, 0x42,
  0x5d, 0x20, 0x72, 0x65, 0x61, 0x64, 0x5f, 0x73, 0x64, 0x28, 0x25, 0x58,
  0x2c, 0x20, 0x25, 0x58, 0x2c, 0x20, 0x25, 0x58, 0x29, 0x0a, 0x00, 0x00,
  0x5b, 0x42, 0x4f, 0x42, 0x5d, 0x20, 0x72, 0x65, 0x61, 0x64, 0x5f, 0x73,
  0x64, 0x3a, 0x20, 0x72, 0x65, 0x61, 0x64, 0x20, 0x66, 0x61, 0x69, 0x6c,
  0x65, 0x64, 0x3a, 0x20, 0x25, 0x58, 0x0a, 0x00, 0x5b, 0x42, 0x4f, 0x42,
  0x5d, 0x20, 0x77, 0x72, 0x69, 0x74, 0x65, 0x5f, 0x73, 0x64, 0x28, 0x25,
  0x58, 0x2c, 0x20, 0x25, 0x58, 0x2c, 0x20, 0x25, 0x58, 0x29, 0x0a, 0x00,
  0x5b, 0x42, 0x4f, 0x42, 0x5d, 0x20, 0x77, 0x72, 0x69, 0x74, 0x65, 0x5f,
  0x73, 0x64, 0x3a, 0x20, 0x77, 0x72, 0x69, 0x74, 0x65, 0x20, 0x66, 0x61,
  0x69, 0x6c, 0x65, 0x64, 0x3a, 0x20, 0x25, 0x58, 0x0a, 0x00, 0x00, 0x00,
  0x5b, 0x42, 0x4f, 0x42, 0x5d, 0x20, 0x72, 0x65, 0x61, 0x64, 0x5f, 0x65,
  0x6d, 0x6d, 0x63, 0x28, 0x25, 0x58, 0x2c, 0x20, 0x25, 0x58, 0x2c, 0x20,
  0x25, 0x58, 0x29, 0x0a, 0x00, 0x00, 0x00, 0x00, 0x5b, 0x42, 0x4f, 0x42,
  0x5d, 0x20, 0x72, 0x65, 0x61, 0x64, 0x5f, 0x65, 0x6d, 0x6d, 0x63, 0x3a,
  0x20, 0x72, 0x65, 0x61, 0x64, 0x20, 0x66, 0x61, 0x69, 0x6c, 0x65, 0x64,
  0x3a, 0x20, 0x25, 0x58, 0x0a, 0x00, 0x00, 0x00, 0x5b, 0x42, 0x4f, 0x42,
  0x5d, 0x20, 0x77, 0x72, 0x69, 0x74, 0x65, 0x5f, 0x65, 0x6d, 0x6d, 0x63,
  0x28, 0x25, 0x58, 0x2c, 0x20, 0x25, 0x58, 0x2c, 0x20, 0x25, 0x58, 0x29,
  0x0a, 0x00, 0x00, 0x00, 0x5b, 0x42, 0x4f, 0x42, 0x5d, 0x20, 0x77, 0x72,
  0x69, 0x74, 0x65, 0x5f, 0x65, 0x6d, 0x6d, 0x63, 0x3a, 0x20, 0x77, 0x72,
  0x69, 0x74, 0x65, 0x20, 0x66, 0x61, 0x69, 0x6c, 0x65, 0x64, 0x3a, 0x20,
  0x25, 0x58, 0x0a, 0x00, 0x5b, 0x42, 0x4f, 0x42, 0x5d, 0x20, 0x74, 0x65,
  0x73, 0x74, 0x20, 0x74, 0x65, 0x73, 0x74, 0x20, 0x74, 0x65, 0x73, 0x74,
  0x0a, 0x00, 0x00, 0x00, 0x5b, 0x42, 0x4f, 0x42, 0x5d, 0x20, 0x6b, 0x69,
  0x6c, 0x6c, 0x69, 0x6e, 0x67, 0x20, 0x61, 0x72, 0x6d, 0x2e, 0x2e, 0x2e,
  0x0a, 0x00, 0x00, 0x00, 0x5b, 0x42, 0x4f, 0x42, 0x5d, 0x20, 0x61, 0x72,
  0x6d, 0x20, 0x69, 0x73, 0x20, 0x64, 0x65, 0x61, 0x64, 0x2c, 0x20, 0x64,
  0x69, 0x73, 0x61, 0x62, 0x6c, 0x65, 0x20, 0x74, 0x68, 0x65, 0x20, 0x4f,
  0x4c, 0x45, 0x44, 0x20, 0x73, 0x63, 0x72, 0x65, 0x65, 0x6e, 0x2e, 0x2e,
  0x2e, 0x0a, 0x00, 0x00, 0x5b, 0x42, 0x4f, 0x42, 0x5d, 0x20, 0x73, 0x65,
  0x74, 0x20, 0x6d, 0x61, 0x78, 0x20, 0x63, 0x6c, 0x6f, 0x63, 0x6b, 0x0a,
  0x00, 0x00, 0x00, 0x00, 0x5b, 0x42, 0x4f, 0x42, 0x5d, 0x20, 0x74, 0x65,
  0x73, 0x74, 0x20, 0x74, 0x65, 0x73, 0x74, 0x20, 0x73, 0x74, 0x75, 0x66,
  0x66, 0x0a, 0x00, 0x00, 0x5b, 0x42, 0x4f, 0x42, 0x5d, 0x20, 0x61, 0x6c,
  0x6c, 0x20, 0x74, 0x65, 0x73, 0x74, 0x73, 0x20, 0x64, 0x6f, 0x6e, 0x65,
  0x0a, 0x00, 0x00, 0x00, 0xa1, 0x32, 0x5a, 0xd8, 0xb9, 0x21, 0x2f, 0xef,
  0x72, 0x16, 0xef, 0xfb, 0x30, 0xcb, 0x4d, 0xfc, 0x30, 0x31, 0x32, 0x33,
  0x34, 0x35, 0x36, 0x37, 0x38, 0x39, 0x41, 0x42, 0x43, 0x44, 0x45, 0x46,
  0x00, 0x00, 0x00, 0x00, 0xcf, 0x2e, 0x93, 0xe9, 0xf9, 0x4e, 0x28, 0xcc,
  0xa4, 0x80, 0x26, 0x13, 0x4c, 0x7c, 0x77, 0xce, 0xbb, 0x64, 0x47, 0x21,
  0xcb, 0x4c, 0x55, 0x07, 0x2e, 0x83, 0x17, 0x7b, 0xeb, 0x3b, 0xbe, 0xe9,
  0x00, 0x0a, 0x0c, 0x0d, 0x0f, 0x14, 0x1a, 0x1e, 0x23, 0x28, 0x2d, 0x34,
  0x37, 0x3c, 0x46, 0x50, 0x00, 0x0a, 0x0c, 0x0d, 0x0f, 0x14, 0x19, 0x1e,
  0x23, 0x28, 0x2d, 0x32, 0x37, 0x3c, 0x46, 0x50, 0x80, 0xff, 0x85, 0x1f,
  0x00, 0x00, 0x00, 0x00, 0x00, 0x00, 0x00, 0x00, 0x00, 0x00, 0x00, 0x00,
  0x00, 0x00, 0x00, 0x00, 0xc8, 0x80, 0x00, 0xe6, 0xff, 0x1f, 0x00, 0x00,
  0x00, 0x82, 0x00, 0xe6, 0x76, 0x00, 0x00, 0x00, 0x08, 0x82, 0x00, 0xe6,
  0x76, 0x00, 0x00, 0x00, 0x10, 0x82, 0x00, 0xe6, 0x76, 0x00, 0x00, 0x00,
  0x18, 0x82, 0x00, 0xe6, 0x76, 0x00, 0x00, 0x00, 0x20, 0x82, 0x00, 0xe6,
  0x5e, 0x00, 0x00, 0x00, 0x28, 0x82, 0x00, 0xe6, 0x5e, 0x00, 0x00, 0x00,
  0x30, 0x82, 0x00, 0xe6, 0x5e, 0x00, 0x00, 0x00, 0x38, 0x82, 0x00, 0xe6,
  0x5e, 0x00, 0x00, 0x00, 0x60, 0x82, 0x00, 0xe6, 0x67, 0x00, 0x00, 0x00,
  0xb0, 0x83, 0x00, 0xe6, 0x35, 0x82, 0x06, 0x0d, 0xb4, 0x83, 0x00, 0xe6,
  0x4e, 0x01, 0x4e, 0x01, 0x30, 0x80, 0x00, 0xe6, 0x14, 0x05, 0x00, 0x00,
  0xa0, 0x81, 0x00, 0xe6, 0x1e, 0x00, 0x00, 0x00, 0xa8, 0x81, 0x00, 0xe6,
  0x03, 0x00, 0x00, 0x00, 0xb0, 0x81, 0x00, 0xe6, 0x1e, 0x00, 0x00, 0x00,
  0xb8, 0x81, 0x00, 0xe6, 0x03, 0x00, 0x00, 0x00, 0x70, 0x80, 0x00, 0xe6,
  0x06, 0x00, 0x00, 0x00, 0xff, 0xff, 0xff, 0xff, 0x00, 0x00, 0x00, 0x00,
  0x20, 0x00, 0x00, 0xe6, 0x00, 0x00, 0x00, 0x00, 0x24, 0x00, 0x00, 0xe6,
  0x03, 0x00, 0x01, 0x00, 0x30, 0x00, 0x00, 0xe6, 0x00, 0x00, 0x00, 0x00,
  0x34, 0x00, 0x00, 0xe6, 0x03, 0x00, 0x01, 0x00, 0x40, 0x00, 0x00, 0xe6,
  0x00, 0x00, 0x00, 0x00, 0x44, 0x00, 0x00, 0xe6, 0x03, 0x00, 0x01, 0x00,
  0x50, 0x00, 0x00, 0xe6, 0x00, 0x00, 0x00, 0x00, 0x54, 0x00, 0x00, 0xe6,
  0x03, 0x00, 0x01, 0x00, 0x60, 0x00, 0x00, 0xe6, 0x00, 0x00, 0x00, 0x00,
  0x64, 0x00, 0x00, 0xe6, 0x03, 0x00, 0x01, 0x00, 0x70, 0x00, 0x00, 0xe6,
  0x00, 0x00, 0x00, 0x00, 0x74, 0x00, 0x00, 0xe6, 0x03, 0x00, 0x01, 0x00,
  0x80, 0x00, 0x00, 0xe6, 0x00, 0x00, 0x00, 0x00, 0x84, 0x00, 0x00, 0xe6,
  0x03, 0x00, 0x01, 0x00, 0x90, 0x00, 0x00, 0xe6, 0x00, 0x00, 0x00, 0x00,
  0x94, 0x00, 0x00, 0xe6, 0x03, 0x00, 0x01, 0x00, 0x38, 0x80, 0x00, 0xe6,
  0x05, 0x00, 0x00, 0x00, 0x40, 0x80, 0x00, 0xe6, 0x04, 0x00, 0x00, 0x00,
  0x50, 0x80, 0x00, 0xe6, 0x05, 0x00, 0x00, 0x00, 0x58, 0x80, 0x00, 0xe6,
  0x03, 0x00, 0x00, 0x00, 0x60, 0x80, 0x00, 0xe6, 0x18, 0x00, 0x00, 0x00,
  0x68, 0x80, 0x00, 0xe6, 0x03, 0x00, 0x00, 0x00, 0x88, 0x80, 0x00, 0xe6,
  0x0c, 0x00, 0x00, 0x00, 0x90, 0x80, 0x00, 0xe6, 0x0c, 0x00, 0x00, 0x00,
  0x98, 0x80, 0x00, 0xe6, 0x10, 0x00, 0x00, 0x00, 0xb0, 0x80, 0x00, 0xe6,
  0x06, 0x00, 0x00, 0x00, 0xe0, 0x80, 0x00, 0xe6, 0x2e, 0x00, 0x00, 0x00,
  0xe8, 0x80, 0x00, 0xe6, 0x2e, 0x00, 0x00, 0x00, 0xf0, 0x80, 0x00, 0xe6,
  0x02, 0x00, 0x00, 0x00, 0x50, 0x81, 0x00, 0xe6, 0x02, 0x00, 0x00, 0x00,
  0x58, 0x81, 0x00, 0xe6, 0x02, 0x00, 0x00, 0x00, 0x60, 0x81, 0x00, 0xe6,
  0x0b, 0x00, 0x00, 0x00, 0x68, 0x81, 0x00, 0xe6, 0x05, 0x00, 0x00, 0x00,
  0x78, 0x81, 0x00, 0xe6, 0x06, 0x00, 0x00, 0x00, 0xff, 0xff, 0xff, 0xff,
  0x00, 0x00, 0x00, 0x00, 0x02, 0x00, 0x00, 0x00, 0x03, 0x00, 0x00, 0x00,
  0xff, 0xff, 0xff, 0xff, 0x00, 0x00, 0x00, 0x00, 0x03, 0x00, 0x00, 0x00,
  0x04, 0x00, 0x00, 0x00, 0xff, 0xff, 0xff, 0xff, 0x00, 0x00, 0x00, 0x00,
  0x00, 0x00, 0x00, 0xe6, 0x11, 0x01, 0x0b, 0x23, 0x40, 0x81, 0x00, 0xe6,
  0x02, 0x00, 0x00, 0x00, 0x48, 0x80, 0x00, 0xe6, 0x2d, 0x00, 0x00, 0x00,
  0xff, 0xff, 0xff, 0xff, 0x00, 0x00, 0x00, 0x00, 0x00, 0x00, 0x00, 0xe6,
  0x11, 0x01, 0x0b, 0x22, 0x40, 0x81, 0x00, 0xe6, 0x04, 0x00, 0x00, 0x00,
  0x48, 0x80, 0x00, 0xe6, 0x2d, 0x00, 0x00, 0x00, 0xff, 0xff, 0xff, 0xff,
  0x00, 0x00, 0x00, 0x00, 0x00, 0x00, 0x00, 0xe6, 0x11, 0x01, 0x0b, 0x13,
  0x40, 0x81, 0x00, 0xe6, 0x04, 0x00, 0x00, 0x00, 0x48, 0x80, 0x00, 0xe6,
  0x2b, 0x00, 0x00, 0x00, 0xff, 0xff, 0xff, 0xff, 0x00, 0x00, 0x00, 0x00,
  0x00, 0x00, 0x00, 0xe6, 0x11, 0x01, 0x0c, 0x00, 0x40, 0x81, 0x00, 0xe6,
  0x06, 0x00, 0x00, 0x00, 0x48, 0x80, 0x00, 0xe6, 0x2a, 0x00, 0x00, 0x00,
  0xff, 0xff, 0xff, 0xff, 0x00, 0x00, 0x00, 0x00, 0x00, 0x00, 0x00, 0x00,
  0x10, 0x27, 0x00, 0x00, 0xa0, 0x86, 0x01, 0x00, 0x40, 0x42, 0x0f, 0x00,
  0x80, 0x96, 0x98, 0x00, 0x00, 0x00, 0x00, 0x00, 0x00, 0x00, 0x00, 0x00,
  0x00, 0x00, 0x00, 0x00, 0x00, 0x00, 0x00, 0x00, 0x00, 0x00, 0x00, 0x00,
  0x00, 0x00, 0x00, 0x00, 0x00, 0x00, 0x00, 0x00, 0x00, 0x00, 0x00, 0x00,
  0x00, 0x00, 0x00, 0x00, 0x00, 0x00, 0x00, 0x00, 0x00, 0x00, 0x00, 0x00,
  0x00, 0x00, 0x00, 0x00, 0x00, 0x00, 0x00, 0x00, 0x00, 0x00, 0x00, 0x00,
  0x00, 0x00, 0x00, 0x00, 0x00, 0x00, 0x00, 0x00, 0x00, 0x00, 0x00, 0x00,
  0x00, 0x00, 0x00, 0x00, 0x00, 0x00, 0x00, 0x00, 0x00, 0x00, 0x00, 0x00,
  0x00, 0x00, 0x00, 0x00, 0x00, 0x00, 0x00, 0x00, 0x00, 0x00, 0x00, 0x00,
  0x00, 0x00, 0x00, 0x00, 0x00, 0x00, 0x00, 0x00, 0x00, 0x00, 0x00, 0x00,
  0x00, 0x00, 0x00, 0x00, 0x00, 0x00, 0x00, 0x00, 0x00, 0x00, 0x00, 0x00,
  0x00, 0x00, 0x00, 0x00, 0x00, 0x00, 0x00, 0x00, 0x00, 0x00, 0x00, 0x00,
  0x00, 0x00, 0x00, 0x00, 0x00, 0x00, 0x00, 0x00, 0x00, 0x00, 0x00, 0x00,
  0x00, 0x00, 0x00, 0x00, 0x00, 0x00, 0x00, 0x00, 0x00, 0x00, 0x00, 0x00,
  0x00, 0x00, 0x00, 0x00, 0x00, 0x00, 0x00, 0x00, 0x00, 0x00, 0x00, 0x00,
  0x00, 0x00, 0x00, 0x00, 0x00, 0x00, 0x00, 0x00, 0x00, 0x00, 0x00, 0x00,
  0x00, 0x00, 0x00, 0x00, 0x00, 0x00, 0x00, 0x00, 0x00, 0x00, 0x00, 0x00,
  0x00, 0x00, 0x00, 0x00, 0x00, 0x00, 0x00, 0x00, 0x00, 0x00, 0x00, 0x00,
  0x00, 0x00, 0x00, 0x00, 0x00, 0x00, 0x00, 0x00
};
unsigned int bob_bin_len = 24344;
